--------------------------------------------------------
--  File created - Monday-December-02-2024   
--------------------------------------------------------
--------------------------------------------------------
--  DDL for Sequence COMENTARIOS_SEQ
--------------------------------------------------------

   CREATE SEQUENCE  "USERDB"."COMENTARIOS_SEQ"  MINVALUE 1 MAXVALUE 9999999999999999999999999999 INCREMENT BY 1 START WITH 101 CACHE 20 NOORDER  NOCYCLE ;
--------------------------------------------------------
--  DDL for Sequence DEPARTAMENTOS_PROYECTO_SEQ
--------------------------------------------------------

   CREATE SEQUENCE  "USERDB"."DEPARTAMENTOS_PROYECTO_SEQ"  MINVALUE 1 MAXVALUE 9999999999999999999999999999 INCREMENT BY 1 START WITH 101 CACHE 20 NOORDER  NOCYCLE ;
--------------------------------------------------------
--  DDL for Sequence DEPARTAMENTOS_SEQ
--------------------------------------------------------

   CREATE SEQUENCE  "USERDB"."DEPARTAMENTOS_SEQ"  MINVALUE 1 MAXVALUE 9999999999999999999999999999 INCREMENT BY 1 START WITH 21 CACHE 20 NOORDER  NOCYCLE ;
--------------------------------------------------------
--  DDL for Sequence DEVELOPER_DEPARTAMENTOS_SEQ
--------------------------------------------------------

   CREATE SEQUENCE  "USERDB"."DEVELOPER_DEPARTAMENTOS_SEQ"  MINVALUE 1 MAXVALUE 9999999999999999999999999999 INCREMENT BY 1 START WITH 441 CACHE 20 NOORDER  NOCYCLE ;
--------------------------------------------------------
--  DDL for Sequence DOCUMENTOS_SEQ
--------------------------------------------------------

   CREATE SEQUENCE  "USERDB"."DOCUMENTOS_SEQ"  MINVALUE 1 MAXVALUE 9999999999999999999999999999 INCREMENT BY 1 START WITH 101 CACHE 20 NOORDER  NOCYCLE ;
--------------------------------------------------------
--  DDL for Sequence DOCUMENTO_COMENTARIOS_SEQ
--------------------------------------------------------

   CREATE SEQUENCE  "USERDB"."DOCUMENTO_COMENTARIOS_SEQ"  MINVALUE 1 MAXVALUE 9999999999999999999999999999 INCREMENT BY 1 START WITH 101 CACHE 20 NOORDER  NOCYCLE ;
--------------------------------------------------------
--  DDL for Sequence ESTADOS_SEQ
--------------------------------------------------------

   CREATE SEQUENCE  "USERDB"."ESTADOS_SEQ"  MINVALUE 1 MAXVALUE 9999999999999999999999999999 INCREMENT BY 1 START WITH 21 CACHE 20 NOORDER  NOCYCLE ;
--------------------------------------------------------
--  DDL for Sequence ETIQUETAS_INCIDENCIAS_SEQ
--------------------------------------------------------

   CREATE SEQUENCE  "USERDB"."ETIQUETAS_INCIDENCIAS_SEQ"  MINVALUE 1 MAXVALUE 9999999999999999999999999999 INCREMENT BY 1 START WITH 21 CACHE 20 NOORDER  NOCYCLE ;
--------------------------------------------------------
--  DDL for Sequence ETIQUETAS_SEQ
--------------------------------------------------------

   CREATE SEQUENCE  "USERDB"."ETIQUETAS_SEQ"  MINVALUE 1 MAXVALUE 9999999999999999999999999999 INCREMENT BY 1 START WITH 21 CACHE 20 NOORDER  NOCYCLE ;
--------------------------------------------------------
--  DDL for Sequence INCIDENCIAS_SEQ
--------------------------------------------------------

   CREATE SEQUENCE  "USERDB"."INCIDENCIAS_SEQ"  MINVALUE 1 MAXVALUE 9999999999999999999999999999 INCREMENT BY 1 START WITH 21 CACHE 20 NOORDER  NOCYCLE ;
--------------------------------------------------------
--  DDL for Sequence INCIDENCIA_ANALISTA_SEQ
--------------------------------------------------------

   CREATE SEQUENCE  "USERDB"."INCIDENCIA_ANALISTA_SEQ"  MINVALUE 1 MAXVALUE 9999999999999999999999999999 INCREMENT BY 1 START WITH 21 CACHE 20 NOORDER  NOCYCLE ;
--------------------------------------------------------
--  DDL for Sequence INCIDENCIA_CLIENTE_SEQ
--------------------------------------------------------

   CREATE SEQUENCE  "USERDB"."INCIDENCIA_CLIENTE_SEQ"  MINVALUE 1 MAXVALUE 9999999999999999999999999999 INCREMENT BY 1 START WITH 21 CACHE 20 NOORDER  NOCYCLE ;
--------------------------------------------------------
--  DDL for Sequence INCIDENCIA_DEVELOPER_SEQ
--------------------------------------------------------

   CREATE SEQUENCE  "USERDB"."INCIDENCIA_DEVELOPER_SEQ"  MINVALUE 1 MAXVALUE 9999999999999999999999999999 INCREMENT BY 1 START WITH 61 CACHE 20 NOORDER  NOCYCLE ;
--------------------------------------------------------
--  DDL for Sequence PRIORIDADES_SEQ
--------------------------------------------------------

   CREATE SEQUENCE  "USERDB"."PRIORIDADES_SEQ"  MINVALUE 1 MAXVALUE 9999999999999999999999999999 INCREMENT BY 1 START WITH 21 CACHE 20 NOORDER  NOCYCLE ;
--------------------------------------------------------
--  DDL for Sequence PROYECTOS_SEQ
--------------------------------------------------------

   CREATE SEQUENCE  "USERDB"."PROYECTOS_SEQ"  MINVALUE 1 MAXVALUE 9999999999999999999999999999 INCREMENT BY 1 START WITH 21 CACHE 20 NOORDER  NOCYCLE ;
--------------------------------------------------------
--  DDL for Sequence REPORTES_SEQ
--------------------------------------------------------

   CREATE SEQUENCE  "USERDB"."REPORTES_SEQ"  MINVALUE 1 MAXVALUE 9999999999999999999999999999 INCREMENT BY 1 START WITH 161 CACHE 20 NOORDER  NOCYCLE ;
--------------------------------------------------------
--  DDL for Sequence REPORTE_ESTADO_PRIORIDAD_SEQ
--------------------------------------------------------

   CREATE SEQUENCE  "USERDB"."REPORTE_ESTADO_PRIORIDAD_SEQ"  MINVALUE 1 MAXVALUE 9999999999999999999999999999 INCREMENT BY 1 START WITH 41 CACHE 20 NOORDER  NOCYCLE ;
--------------------------------------------------------
--  DDL for Sequence RPT_INCIDENCIAS_PRIORIDAD_SEQ
--------------------------------------------------------

   CREATE SEQUENCE  "USERDB"."RPT_INCIDENCIAS_PRIORIDAD_SEQ"  MINVALUE 1 MAXVALUE 9999999999999999999999999999 INCREMENT BY 1 START WITH 1 CACHE 20 NOORDER  NOCYCLE ;
--------------------------------------------------------
--  DDL for Sequence RPT_INCIDENCIAS_SEQ
--------------------------------------------------------

   CREATE SEQUENCE  "USERDB"."RPT_INCIDENCIAS_SEQ"  MINVALUE 1 MAXVALUE 9999999999999999999999999999 INCREMENT BY 1 START WITH 21 CACHE 20 NOORDER  NOCYCLE ;
--------------------------------------------------------
--  DDL for Sequence USUARIOS_ANALISTA_SEQ
--------------------------------------------------------

   CREATE SEQUENCE  "USERDB"."USUARIOS_ANALISTA_SEQ"  MINVALUE 1 MAXVALUE 9999999999999999999999999999 INCREMENT BY 1 START WITH 21 CACHE 20 NOORDER  NOCYCLE ;
--------------------------------------------------------
--  DDL for Sequence USUARIOS_CLIENTE_SEQ
--------------------------------------------------------

   CREATE SEQUENCE  "USERDB"."USUARIOS_CLIENTE_SEQ"  MINVALUE 1 MAXVALUE 9999999999999999999999999999 INCREMENT BY 1 START WITH 161 CACHE 20 NOORDER  NOCYCLE ;
--------------------------------------------------------
--  DDL for Sequence USUARIOS_DEVELOPER_SEQ
--------------------------------------------------------

   CREATE SEQUENCE  "USERDB"."USUARIOS_DEVELOPER_SEQ"  MINVALUE 1 MAXVALUE 9999999999999999999999999999 INCREMENT BY 1 START WITH 161 CACHE 20 NOORDER  NOCYCLE ;
--------------------------------------------------------
--  DDL for Sequence USUARIOS_SEQ
--------------------------------------------------------

   CREATE SEQUENCE  "USERDB"."USUARIOS_SEQ"  MINVALUE 1 MAXVALUE 9999999999999999999999999999 INCREMENT BY 1 START WITH 301 CACHE 20 NOORDER  NOCYCLE ;
--------------------------------------------------------
--  DDL for Table COMENTARIOS
--------------------------------------------------------

  CREATE TABLE "USERDB"."COMENTARIOS" 
   (	"ID" NUMBER, 
	"CONTENIDO" VARCHAR2(200 BYTE), 
	"FECHA" DATE, 
	"ID_ANALISTA" NUMBER, 
	"ID_DEVELOPER" NUMBER
   ) SEGMENT CREATION IMMEDIATE 
  PCTFREE 10 PCTUSED 40 INITRANS 1 MAXTRANS 255 NOCOMPRESS LOGGING
  STORAGE(INITIAL 65536 NEXT 1048576 MINEXTENTS 1 MAXEXTENTS 2147483645
  PCTINCREASE 0 FREELISTS 1 FREELIST GROUPS 1 BUFFER_POOL DEFAULT FLASH_CACHE DEFAULT CELL_FLASH_CACHE DEFAULT)
  TABLESPACE "TSI_USERDB" ;
--------------------------------------------------------
--  DDL for Table DEPARTAMENTOS
--------------------------------------------------------

  CREATE TABLE "USERDB"."DEPARTAMENTOS" 
   (	"ID" NUMBER, 
	"NOMBRE" VARCHAR2(50 BYTE)
   ) SEGMENT CREATION IMMEDIATE 
  PCTFREE 10 PCTUSED 40 INITRANS 1 MAXTRANS 255 NOCOMPRESS LOGGING
  STORAGE(INITIAL 65536 NEXT 1048576 MINEXTENTS 1 MAXEXTENTS 2147483645
  PCTINCREASE 0 FREELISTS 1 FREELIST GROUPS 1 BUFFER_POOL DEFAULT FLASH_CACHE DEFAULT CELL_FLASH_CACHE DEFAULT)
  TABLESPACE "TSI_USERDB" ;
--------------------------------------------------------
--  DDL for Table DEPARTAMENTOS_PROYECTO
--------------------------------------------------------

  CREATE TABLE "USERDB"."DEPARTAMENTOS_PROYECTO" 
   (	"ID" NUMBER, 
	"ID_DEPARTAMENTO" NUMBER, 
	"ID_PROYECTO" NUMBER
   ) SEGMENT CREATION IMMEDIATE 
  PCTFREE 10 PCTUSED 40 INITRANS 1 MAXTRANS 255 NOCOMPRESS LOGGING
  STORAGE(INITIAL 65536 NEXT 1048576 MINEXTENTS 1 MAXEXTENTS 2147483645
  PCTINCREASE 0 FREELISTS 1 FREELIST GROUPS 1 BUFFER_POOL DEFAULT FLASH_CACHE DEFAULT CELL_FLASH_CACHE DEFAULT)
  TABLESPACE "TSI_USERDB" ;
--------------------------------------------------------
--  DDL for Table DEVELOPER_DEPARTAMENTOS
--------------------------------------------------------

  CREATE TABLE "USERDB"."DEVELOPER_DEPARTAMENTOS" 
   (	"ID" NUMBER, 
	"ID_DEVELOPER" NUMBER, 
	"ID_DEPARTAMENTO" NUMBER
   ) SEGMENT CREATION IMMEDIATE 
  PCTFREE 10 PCTUSED 40 INITRANS 1 MAXTRANS 255 NOCOMPRESS LOGGING
  STORAGE(INITIAL 65536 NEXT 1048576 MINEXTENTS 1 MAXEXTENTS 2147483645
  PCTINCREASE 0 FREELISTS 1 FREELIST GROUPS 1 BUFFER_POOL DEFAULT FLASH_CACHE DEFAULT CELL_FLASH_CACHE DEFAULT)
  TABLESPACE "TSI_USERDB" ;
--------------------------------------------------------
--  DDL for Table DOCUMENTOS
--------------------------------------------------------

  CREATE TABLE "USERDB"."DOCUMENTOS" 
   (	"ID" NUMBER, 
	"URL_DOC" VARCHAR2(200 BYTE), 
	"TIPO" VARCHAR2(30 BYTE)
   ) SEGMENT CREATION IMMEDIATE 
  PCTFREE 10 PCTUSED 40 INITRANS 1 MAXTRANS 255 NOCOMPRESS LOGGING
  STORAGE(INITIAL 65536 NEXT 1048576 MINEXTENTS 1 MAXEXTENTS 2147483645
  PCTINCREASE 0 FREELISTS 1 FREELIST GROUPS 1 BUFFER_POOL DEFAULT FLASH_CACHE DEFAULT CELL_FLASH_CACHE DEFAULT)
  TABLESPACE "TSI_USERDB" ;
--------------------------------------------------------
--  DDL for Table DOCUMENTO_COMENTARIOS
--------------------------------------------------------

  CREATE TABLE "USERDB"."DOCUMENTO_COMENTARIOS" 
   (	"ID" NUMBER, 
	"ID_DOCUMENTO" NUMBER, 
	"ID_COMENTARIO" NUMBER
   ) SEGMENT CREATION IMMEDIATE 
  PCTFREE 10 PCTUSED 40 INITRANS 1 MAXTRANS 255 NOCOMPRESS LOGGING
  STORAGE(INITIAL 65536 NEXT 1048576 MINEXTENTS 1 MAXEXTENTS 2147483645
  PCTINCREASE 0 FREELISTS 1 FREELIST GROUPS 1 BUFFER_POOL DEFAULT FLASH_CACHE DEFAULT CELL_FLASH_CACHE DEFAULT)
  TABLESPACE "TSI_USERDB" ;
--------------------------------------------------------
--  DDL for Table ESTADOS
--------------------------------------------------------

  CREATE TABLE "USERDB"."ESTADOS" 
   (	"ID" NUMBER, 
	"NOMBRE" VARCHAR2(50 BYTE), 
	"URL_IMAGEN" VARCHAR2(200 BYTE)
   ) SEGMENT CREATION IMMEDIATE 
  PCTFREE 10 PCTUSED 40 INITRANS 1 MAXTRANS 255 NOCOMPRESS LOGGING
  STORAGE(INITIAL 65536 NEXT 1048576 MINEXTENTS 1 MAXEXTENTS 2147483645
  PCTINCREASE 0 FREELISTS 1 FREELIST GROUPS 1 BUFFER_POOL DEFAULT FLASH_CACHE DEFAULT CELL_FLASH_CACHE DEFAULT)
  TABLESPACE "TSI_USERDB" ;
--------------------------------------------------------
--  DDL for Table ETIQUETAS
--------------------------------------------------------

  CREATE TABLE "USERDB"."ETIQUETAS" 
   (	"ID" NUMBER, 
	"NOMBRE" VARCHAR2(50 BYTE)
   ) SEGMENT CREATION IMMEDIATE 
  PCTFREE 10 PCTUSED 40 INITRANS 1 MAXTRANS 255 NOCOMPRESS LOGGING
  STORAGE(INITIAL 65536 NEXT 1048576 MINEXTENTS 1 MAXEXTENTS 2147483645
  PCTINCREASE 0 FREELISTS 1 FREELIST GROUPS 1 BUFFER_POOL DEFAULT FLASH_CACHE DEFAULT CELL_FLASH_CACHE DEFAULT)
  TABLESPACE "TSI_USERDB" ;
--------------------------------------------------------
--  DDL for Table ETIQUETAS_INCIDENCIAS
--------------------------------------------------------

  CREATE TABLE "USERDB"."ETIQUETAS_INCIDENCIAS" 
   (	"ID" NUMBER, 
	"ID_INCIDENCIA" NUMBER, 
	"ID_ETIQUETA" NUMBER
   ) SEGMENT CREATION IMMEDIATE 
  PCTFREE 10 PCTUSED 40 INITRANS 1 MAXTRANS 255 NOCOMPRESS LOGGING
  STORAGE(INITIAL 65536 NEXT 1048576 MINEXTENTS 1 MAXEXTENTS 2147483645
  PCTINCREASE 0 FREELISTS 1 FREELIST GROUPS 1 BUFFER_POOL DEFAULT FLASH_CACHE DEFAULT CELL_FLASH_CACHE DEFAULT)
  TABLESPACE "TSI_USERDB" ;
--------------------------------------------------------
--  DDL for Table INCIDENCIAS
--------------------------------------------------------

  CREATE TABLE "USERDB"."INCIDENCIAS" 
   (	"ID" NUMBER, 
	"RESUMEN" VARCHAR2(50 BYTE), 
	"DESCRIPCION" VARCHAR2(200 BYTE), 
	"FECHA_ENVIO" DATE, 
	"FECHA_ACTU" DATE, 
	"ID_PROYECTO" NUMBER, 
	"ID_DEPARTAMENTO" NUMBER, 
	"ID_ESTADO" NUMBER, 
	"ID_PRIORIDAD" NUMBER, 
	"ID_DOCUMENTO" NUMBER
   ) SEGMENT CREATION IMMEDIATE 
  PCTFREE 10 PCTUSED 40 INITRANS 1 MAXTRANS 255 NOCOMPRESS LOGGING
  STORAGE(INITIAL 65536 NEXT 1048576 MINEXTENTS 1 MAXEXTENTS 2147483645
  PCTINCREASE 0 FREELISTS 1 FREELIST GROUPS 1 BUFFER_POOL DEFAULT FLASH_CACHE DEFAULT CELL_FLASH_CACHE DEFAULT)
  TABLESPACE "TSI_USERDB" ;
--------------------------------------------------------
--  DDL for Table INCIDENCIA_ANALISTA
--------------------------------------------------------

  CREATE TABLE "USERDB"."INCIDENCIA_ANALISTA" 
   (	"ID" NUMBER, 
	"ID_INCIDENCIA" NUMBER, 
	"ID_ANALISTA" NUMBER
   ) SEGMENT CREATION IMMEDIATE 
  PCTFREE 10 PCTUSED 40 INITRANS 1 MAXTRANS 255 NOCOMPRESS LOGGING
  STORAGE(INITIAL 65536 NEXT 1048576 MINEXTENTS 1 MAXEXTENTS 2147483645
  PCTINCREASE 0 FREELISTS 1 FREELIST GROUPS 1 BUFFER_POOL DEFAULT FLASH_CACHE DEFAULT CELL_FLASH_CACHE DEFAULT)
  TABLESPACE "TSI_USERDB" ;
--------------------------------------------------------
--  DDL for Table INCIDENCIA_CLIENTE
--------------------------------------------------------

  CREATE TABLE "USERDB"."INCIDENCIA_CLIENTE" 
   (	"ID" NUMBER, 
	"ID_INCIDENCIA" NUMBER, 
	"ID_CLIENTE" NUMBER
   ) SEGMENT CREATION IMMEDIATE 
  PCTFREE 10 PCTUSED 40 INITRANS 1 MAXTRANS 255 NOCOMPRESS LOGGING
  STORAGE(INITIAL 65536 NEXT 1048576 MINEXTENTS 1 MAXEXTENTS 2147483645
  PCTINCREASE 0 FREELISTS 1 FREELIST GROUPS 1 BUFFER_POOL DEFAULT FLASH_CACHE DEFAULT CELL_FLASH_CACHE DEFAULT)
  TABLESPACE "TSI_USERDB" ;
--------------------------------------------------------
--  DDL for Table INCIDENCIA_DEVELOPER
--------------------------------------------------------

  CREATE TABLE "USERDB"."INCIDENCIA_DEVELOPER" 
   (	"ID" NUMBER, 
	"ID_INCIDENCIA" NUMBER, 
	"ID_DEVELOPER" NUMBER
   ) SEGMENT CREATION IMMEDIATE 
  PCTFREE 10 PCTUSED 40 INITRANS 1 MAXTRANS 255 NOCOMPRESS LOGGING
  STORAGE(INITIAL 65536 NEXT 1048576 MINEXTENTS 1 MAXEXTENTS 2147483645
  PCTINCREASE 0 FREELISTS 1 FREELIST GROUPS 1 BUFFER_POOL DEFAULT FLASH_CACHE DEFAULT CELL_FLASH_CACHE DEFAULT)
  TABLESPACE "TSI_USERDB" ;
--------------------------------------------------------
--  DDL for Table PRIORIDADES
--------------------------------------------------------

  CREATE TABLE "USERDB"."PRIORIDADES" 
   (	"ID" NUMBER, 
	"NOMBRE" VARCHAR2(20 BYTE)
   ) SEGMENT CREATION IMMEDIATE 
  PCTFREE 10 PCTUSED 40 INITRANS 1 MAXTRANS 255 NOCOMPRESS LOGGING
  STORAGE(INITIAL 65536 NEXT 1048576 MINEXTENTS 1 MAXEXTENTS 2147483645
  PCTINCREASE 0 FREELISTS 1 FREELIST GROUPS 1 BUFFER_POOL DEFAULT FLASH_CACHE DEFAULT CELL_FLASH_CACHE DEFAULT)
  TABLESPACE "TSI_USERDB" ;
--------------------------------------------------------
--  DDL for Table PROYECTOS
--------------------------------------------------------

  CREATE TABLE "USERDB"."PROYECTOS" 
   (	"ID" NUMBER, 
	"NOMBRE" VARCHAR2(50 BYTE), 
	"FECHA_INICIO" DATE, 
	"ID_CLIENTE" NUMBER
   ) SEGMENT CREATION IMMEDIATE 
  PCTFREE 10 PCTUSED 40 INITRANS 1 MAXTRANS 255 NOCOMPRESS LOGGING
  STORAGE(INITIAL 65536 NEXT 1048576 MINEXTENTS 1 MAXEXTENTS 2147483645
  PCTINCREASE 0 FREELISTS 1 FREELIST GROUPS 1 BUFFER_POOL DEFAULT FLASH_CACHE DEFAULT CELL_FLASH_CACHE DEFAULT)
  TABLESPACE "TSI_USERDB" ;
--------------------------------------------------------
--  DDL for Table REPORTES
--------------------------------------------------------

  CREATE TABLE "USERDB"."REPORTES" 
   (	"ID" NUMBER(7,0), 
	"DEVELOPER_NAME" VARCHAR2(255 BYTE), 
	"AVERAGE_RESOLUTION_TIME" FLOAT(126), 
	"CREATED" TIMESTAMP (6) DEFAULT CURRENT_TIMESTAMP -- Fecha y hora de creación

   ) SEGMENT CREATION IMMEDIATE 
  PCTFREE 10 PCTUSED 40 INITRANS 1 MAXTRANS 255 NOCOMPRESS LOGGING
  STORAGE(INITIAL 65536 NEXT 1048576 MINEXTENTS 1 MAXEXTENTS 2147483645
  PCTINCREASE 0 FREELISTS 1 FREELIST GROUPS 1 BUFFER_POOL DEFAULT FLASH_CACHE DEFAULT CELL_FLASH_CACHE DEFAULT)
  TABLESPACE "TSI_USERDB" ;
--------------------------------------------------------
--  DDL for Table REPORTE_INCIDENCIAS_PRIORIDAD
--------------------------------------------------------

  CREATE TABLE "USERDB"."REPORTE_INCIDENCIAS_PRIORIDAD" 
   (	"ID" NUMBER, 
	"PRIORIDAD_NOMBRE" VARCHAR2(50 BYTE), 
	"TOTAL_INCIDENCIAS" NUMBER, 
	"CREATED" TIMESTAMP (6) DEFAULT CURRENT_TIMESTAMP
   ) SEGMENT CREATION IMMEDIATE 
  PCTFREE 10 PCTUSED 40 INITRANS 1 MAXTRANS 255 NOCOMPRESS LOGGING
  STORAGE(INITIAL 65536 NEXT 1048576 MINEXTENTS 1 MAXEXTENTS 2147483645
  PCTINCREASE 0 FREELISTS 1 FREELIST GROUPS 1 BUFFER_POOL DEFAULT FLASH_CACHE DEFAULT CELL_FLASH_CACHE DEFAULT)
  TABLESPACE "TSI_USERDB" ;
--------------------------------------------------------
--  DDL for Table USUARIOS
--------------------------------------------------------

  CREATE TABLE "USERDB"."USUARIOS" 
   (	"ID" NUMBER, 
	"NOMBRE" VARCHAR2(50 BYTE), 
	"URL_IMAGEN" VARCHAR2(200 BYTE), 
	"CORREO" VARCHAR2(100 BYTE), 
	"CONTRASENHA" VARCHAR2(100 BYTE)
   ) SEGMENT CREATION IMMEDIATE 
  PCTFREE 10 PCTUSED 40 INITRANS 1 MAXTRANS 255 NOCOMPRESS LOGGING
  STORAGE(INITIAL 65536 NEXT 1048576 MINEXTENTS 1 MAXEXTENTS 2147483645
  PCTINCREASE 0 FREELISTS 1 FREELIST GROUPS 1 BUFFER_POOL DEFAULT FLASH_CACHE DEFAULT CELL_FLASH_CACHE DEFAULT)
  TABLESPACE "TSI_USERDB" ;
--------------------------------------------------------
--  DDL for Table USUARIOS_ANALISTA
--------------------------------------------------------

  CREATE TABLE "USERDB"."USUARIOS_ANALISTA" 
   (	"ID" NUMBER, 
	"ID_USUARIO" NUMBER
   ) SEGMENT CREATION IMMEDIATE 
  PCTFREE 10 PCTUSED 40 INITRANS 1 MAXTRANS 255 NOCOMPRESS LOGGING
  STORAGE(INITIAL 65536 NEXT 1048576 MINEXTENTS 1 MAXEXTENTS 2147483645
  PCTINCREASE 0 FREELISTS 1 FREELIST GROUPS 1 BUFFER_POOL DEFAULT FLASH_CACHE DEFAULT CELL_FLASH_CACHE DEFAULT)
  TABLESPACE "TSI_USERDB" ;
--------------------------------------------------------
--  DDL for Table USUARIOS_CLIENTE
--------------------------------------------------------

  CREATE TABLE "USERDB"."USUARIOS_CLIENTE" 
   (	"ID" NUMBER, 
	"RUC" VARCHAR2(20 BYTE), 
	"ID_USUARIO" NUMBER
   ) SEGMENT CREATION IMMEDIATE 
  PCTFREE 10 PCTUSED 40 INITRANS 1 MAXTRANS 255 NOCOMPRESS LOGGING
  STORAGE(INITIAL 65536 NEXT 1048576 MINEXTENTS 1 MAXEXTENTS 2147483645
  PCTINCREASE 0 FREELISTS 1 FREELIST GROUPS 1 BUFFER_POOL DEFAULT FLASH_CACHE DEFAULT CELL_FLASH_CACHE DEFAULT)
  TABLESPACE "TSI_USERDB" ;
--------------------------------------------------------
--  DDL for Table USUARIOS_DEVELOPER
--------------------------------------------------------

  CREATE TABLE "USERDB"."USUARIOS_DEVELOPER" 
   (	"ID" NUMBER, 
	"CODIGO" VARCHAR2(20 BYTE), 
	"ID_USUARIO" NUMBER
   ) SEGMENT CREATION IMMEDIATE 
  PCTFREE 10 PCTUSED 40 INITRANS 1 MAXTRANS 255 NOCOMPRESS LOGGING
  STORAGE(INITIAL 65536 NEXT 1048576 MINEXTENTS 1 MAXEXTENTS 2147483645
  PCTINCREASE 0 FREELISTS 1 FREELIST GROUPS 1 BUFFER_POOL DEFAULT FLASH_CACHE DEFAULT CELL_FLASH_CACHE DEFAULT)
  TABLESPACE "TSI_USERDB" ;
REM INSERTING into USERDB.COMENTARIOS
SET DEFINE OFF;
Insert into USERDB.COMENTARIOS (ID,CONTENIDO,FECHA,ID_ANALISTA,ID_DEVELOPER) values (1,'Comentario de prueba 1',to_date('25-NOV-24','DD-MON-RR'),2,141);
Insert into USERDB.COMENTARIOS (ID,CONTENIDO,FECHA,ID_ANALISTA,ID_DEVELOPER) values (2,'Comentario de prueba 2',to_date('25-NOV-24','DD-MON-RR'),2,107);
Insert into USERDB.COMENTARIOS (ID,CONTENIDO,FECHA,ID_ANALISTA,ID_DEVELOPER) values (3,'Comentario de prueba 3',to_date('29-NOV-24','DD-MON-RR'),2,113);
Insert into USERDB.COMENTARIOS (ID,CONTENIDO,FECHA,ID_ANALISTA,ID_DEVELOPER) values (4,'Comentario de prueba 4',to_date('29-NOV-24','DD-MON-RR'),1,28);
Insert into USERDB.COMENTARIOS (ID,CONTENIDO,FECHA,ID_ANALISTA,ID_DEVELOPER) values (5,'Comentario de prueba 5',to_date('02-NOV-24','DD-MON-RR'),2,128);
Insert into USERDB.COMENTARIOS (ID,CONTENIDO,FECHA,ID_ANALISTA,ID_DEVELOPER) values (6,'Comentario de prueba 6',to_date('16-NOV-24','DD-MON-RR'),2,17);
Insert into USERDB.COMENTARIOS (ID,CONTENIDO,FECHA,ID_ANALISTA,ID_DEVELOPER) values (7,'Comentario de prueba 7',to_date('20-NOV-24','DD-MON-RR'),1,50);
Insert into USERDB.COMENTARIOS (ID,CONTENIDO,FECHA,ID_ANALISTA,ID_DEVELOPER) values (8,'Comentario de prueba 8',to_date('27-NOV-24','DD-MON-RR'),2,63);
Insert into USERDB.COMENTARIOS (ID,CONTENIDO,FECHA,ID_ANALISTA,ID_DEVELOPER) values (9,'Comentario de prueba 9',to_date('07-NOV-24','DD-MON-RR'),3,66);
Insert into USERDB.COMENTARIOS (ID,CONTENIDO,FECHA,ID_ANALISTA,ID_DEVELOPER) values (10,'Comentario de prueba 10',to_date('29-NOV-24','DD-MON-RR'),1,54);
Insert into USERDB.COMENTARIOS (ID,CONTENIDO,FECHA,ID_ANALISTA,ID_DEVELOPER) values (11,'Comentario de prueba 11',to_date('06-NOV-24','DD-MON-RR'),2,87);
Insert into USERDB.COMENTARIOS (ID,CONTENIDO,FECHA,ID_ANALISTA,ID_DEVELOPER) values (12,'Comentario de prueba 12',to_date('03-NOV-24','DD-MON-RR'),2,48);
Insert into USERDB.COMENTARIOS (ID,CONTENIDO,FECHA,ID_ANALISTA,ID_DEVELOPER) values (13,'Comentario de prueba 13',to_date('14-NOV-24','DD-MON-RR'),3,88);
Insert into USERDB.COMENTARIOS (ID,CONTENIDO,FECHA,ID_ANALISTA,ID_DEVELOPER) values (14,'Comentario de prueba 14',to_date('29-NOV-24','DD-MON-RR'),1,114);
Insert into USERDB.COMENTARIOS (ID,CONTENIDO,FECHA,ID_ANALISTA,ID_DEVELOPER) values (15,'Comentario de prueba 15',to_date('30-NOV-24','DD-MON-RR'),1,95);
Insert into USERDB.COMENTARIOS (ID,CONTENIDO,FECHA,ID_ANALISTA,ID_DEVELOPER) values (16,'Comentario de prueba 16',to_date('28-NOV-24','DD-MON-RR'),1,77);
Insert into USERDB.COMENTARIOS (ID,CONTENIDO,FECHA,ID_ANALISTA,ID_DEVELOPER) values (17,'Comentario de prueba 17',to_date('01-DEC-24','DD-MON-RR'),3,96);
Insert into USERDB.COMENTARIOS (ID,CONTENIDO,FECHA,ID_ANALISTA,ID_DEVELOPER) values (18,'Comentario de prueba 18',to_date('29-NOV-24','DD-MON-RR'),1,30);
Insert into USERDB.COMENTARIOS (ID,CONTENIDO,FECHA,ID_ANALISTA,ID_DEVELOPER) values (19,'Comentario de prueba 19',to_date('03-NOV-24','DD-MON-RR'),1,53);
Insert into USERDB.COMENTARIOS (ID,CONTENIDO,FECHA,ID_ANALISTA,ID_DEVELOPER) values (20,'Comentario de prueba 20',to_date('19-NOV-24','DD-MON-RR'),1,143);
Insert into USERDB.COMENTARIOS (ID,CONTENIDO,FECHA,ID_ANALISTA,ID_DEVELOPER) values (21,'Comentario de prueba 21',to_date('03-NOV-24','DD-MON-RR'),2,58);
Insert into USERDB.COMENTARIOS (ID,CONTENIDO,FECHA,ID_ANALISTA,ID_DEVELOPER) values (22,'Comentario de prueba 22',to_date('28-NOV-24','DD-MON-RR'),1,115);
Insert into USERDB.COMENTARIOS (ID,CONTENIDO,FECHA,ID_ANALISTA,ID_DEVELOPER) values (23,'Comentario de prueba 23',to_date('30-NOV-24','DD-MON-RR'),3,139);
Insert into USERDB.COMENTARIOS (ID,CONTENIDO,FECHA,ID_ANALISTA,ID_DEVELOPER) values (24,'Comentario de prueba 24',to_date('08-NOV-24','DD-MON-RR'),2,135);
Insert into USERDB.COMENTARIOS (ID,CONTENIDO,FECHA,ID_ANALISTA,ID_DEVELOPER) values (25,'Comentario de prueba 25',to_date('21-NOV-24','DD-MON-RR'),1,131);
Insert into USERDB.COMENTARIOS (ID,CONTENIDO,FECHA,ID_ANALISTA,ID_DEVELOPER) values (26,'Comentario de prueba 26',to_date('25-NOV-24','DD-MON-RR'),1,144);
Insert into USERDB.COMENTARIOS (ID,CONTENIDO,FECHA,ID_ANALISTA,ID_DEVELOPER) values (27,'Comentario de prueba 27',to_date('14-NOV-24','DD-MON-RR'),2,97);
Insert into USERDB.COMENTARIOS (ID,CONTENIDO,FECHA,ID_ANALISTA,ID_DEVELOPER) values (28,'Comentario de prueba 28',to_date('12-NOV-24','DD-MON-RR'),2,70);
Insert into USERDB.COMENTARIOS (ID,CONTENIDO,FECHA,ID_ANALISTA,ID_DEVELOPER) values (29,'Comentario de prueba 29',to_date('24-NOV-24','DD-MON-RR'),1,107);
Insert into USERDB.COMENTARIOS (ID,CONTENIDO,FECHA,ID_ANALISTA,ID_DEVELOPER) values (30,'Comentario de prueba 30',to_date('13-NOV-24','DD-MON-RR'),3,136);
Insert into USERDB.COMENTARIOS (ID,CONTENIDO,FECHA,ID_ANALISTA,ID_DEVELOPER) values (31,'Comentario de prueba 31',to_date('06-NOV-24','DD-MON-RR'),1,138);
Insert into USERDB.COMENTARIOS (ID,CONTENIDO,FECHA,ID_ANALISTA,ID_DEVELOPER) values (32,'Comentario de prueba 32',to_date('07-NOV-24','DD-MON-RR'),2,146);
Insert into USERDB.COMENTARIOS (ID,CONTENIDO,FECHA,ID_ANALISTA,ID_DEVELOPER) values (33,'Comentario de prueba 33',to_date('30-NOV-24','DD-MON-RR'),2,109);
Insert into USERDB.COMENTARIOS (ID,CONTENIDO,FECHA,ID_ANALISTA,ID_DEVELOPER) values (34,'Comentario de prueba 34',to_date('05-NOV-24','DD-MON-RR'),1,13);
Insert into USERDB.COMENTARIOS (ID,CONTENIDO,FECHA,ID_ANALISTA,ID_DEVELOPER) values (35,'Comentario de prueba 35',to_date('25-NOV-24','DD-MON-RR'),3,34);
Insert into USERDB.COMENTARIOS (ID,CONTENIDO,FECHA,ID_ANALISTA,ID_DEVELOPER) values (36,'Comentario de prueba 36',to_date('10-NOV-24','DD-MON-RR'),2,12);
Insert into USERDB.COMENTARIOS (ID,CONTENIDO,FECHA,ID_ANALISTA,ID_DEVELOPER) values (37,'Comentario de prueba 37',to_date('02-NOV-24','DD-MON-RR'),3,29);
Insert into USERDB.COMENTARIOS (ID,CONTENIDO,FECHA,ID_ANALISTA,ID_DEVELOPER) values (38,'Comentario de prueba 38',to_date('21-NOV-24','DD-MON-RR'),1,26);
Insert into USERDB.COMENTARIOS (ID,CONTENIDO,FECHA,ID_ANALISTA,ID_DEVELOPER) values (39,'Comentario de prueba 39',to_date('14-NOV-24','DD-MON-RR'),2,118);
Insert into USERDB.COMENTARIOS (ID,CONTENIDO,FECHA,ID_ANALISTA,ID_DEVELOPER) values (40,'Comentario de prueba 40',to_date('04-NOV-24','DD-MON-RR'),1,137);
Insert into USERDB.COMENTARIOS (ID,CONTENIDO,FECHA,ID_ANALISTA,ID_DEVELOPER) values (41,'Comentario de prueba 41',to_date('06-NOV-24','DD-MON-RR'),3,129);
Insert into USERDB.COMENTARIOS (ID,CONTENIDO,FECHA,ID_ANALISTA,ID_DEVELOPER) values (42,'Comentario de prueba 42',to_date('27-NOV-24','DD-MON-RR'),2,105);
Insert into USERDB.COMENTARIOS (ID,CONTENIDO,FECHA,ID_ANALISTA,ID_DEVELOPER) values (43,'Comentario de prueba 43',to_date('02-NOV-24','DD-MON-RR'),3,72);
Insert into USERDB.COMENTARIOS (ID,CONTENIDO,FECHA,ID_ANALISTA,ID_DEVELOPER) values (44,'Comentario de prueba 44',to_date('06-NOV-24','DD-MON-RR'),3,10);
Insert into USERDB.COMENTARIOS (ID,CONTENIDO,FECHA,ID_ANALISTA,ID_DEVELOPER) values (45,'Comentario de prueba 45',to_date('01-DEC-24','DD-MON-RR'),2,113);
Insert into USERDB.COMENTARIOS (ID,CONTENIDO,FECHA,ID_ANALISTA,ID_DEVELOPER) values (46,'Comentario de prueba 46',to_date('29-NOV-24','DD-MON-RR'),2,94);
Insert into USERDB.COMENTARIOS (ID,CONTENIDO,FECHA,ID_ANALISTA,ID_DEVELOPER) values (47,'Comentario de prueba 47',to_date('18-NOV-24','DD-MON-RR'),2,50);
Insert into USERDB.COMENTARIOS (ID,CONTENIDO,FECHA,ID_ANALISTA,ID_DEVELOPER) values (48,'Comentario de prueba 48',to_date('29-NOV-24','DD-MON-RR'),2,47);
Insert into USERDB.COMENTARIOS (ID,CONTENIDO,FECHA,ID_ANALISTA,ID_DEVELOPER) values (49,'Comentario de prueba 49',to_date('20-NOV-24','DD-MON-RR'),3,48);
Insert into USERDB.COMENTARIOS (ID,CONTENIDO,FECHA,ID_ANALISTA,ID_DEVELOPER) values (50,'Comentario de prueba 50',to_date('25-NOV-24','DD-MON-RR'),2,84);
Insert into USERDB.COMENTARIOS (ID,CONTENIDO,FECHA,ID_ANALISTA,ID_DEVELOPER) values (51,'Comentario de prueba 51',to_date('05-NOV-24','DD-MON-RR'),1,72);
Insert into USERDB.COMENTARIOS (ID,CONTENIDO,FECHA,ID_ANALISTA,ID_DEVELOPER) values (52,'Comentario de prueba 52',to_date('01-DEC-24','DD-MON-RR'),1,118);
Insert into USERDB.COMENTARIOS (ID,CONTENIDO,FECHA,ID_ANALISTA,ID_DEVELOPER) values (53,'Comentario de prueba 53',to_date('15-NOV-24','DD-MON-RR'),2,30);
Insert into USERDB.COMENTARIOS (ID,CONTENIDO,FECHA,ID_ANALISTA,ID_DEVELOPER) values (54,'Comentario de prueba 54',to_date('25-NOV-24','DD-MON-RR'),1,18);
Insert into USERDB.COMENTARIOS (ID,CONTENIDO,FECHA,ID_ANALISTA,ID_DEVELOPER) values (55,'Comentario de prueba 55',to_date('07-NOV-24','DD-MON-RR'),3,66);
Insert into USERDB.COMENTARIOS (ID,CONTENIDO,FECHA,ID_ANALISTA,ID_DEVELOPER) values (56,'Comentario de prueba 56',to_date('07-NOV-24','DD-MON-RR'),2,25);
Insert into USERDB.COMENTARIOS (ID,CONTENIDO,FECHA,ID_ANALISTA,ID_DEVELOPER) values (57,'Comentario de prueba 57',to_date('24-NOV-24','DD-MON-RR'),1,132);
Insert into USERDB.COMENTARIOS (ID,CONTENIDO,FECHA,ID_ANALISTA,ID_DEVELOPER) values (58,'Comentario de prueba 58',to_date('24-NOV-24','DD-MON-RR'),1,116);
Insert into USERDB.COMENTARIOS (ID,CONTENIDO,FECHA,ID_ANALISTA,ID_DEVELOPER) values (59,'Comentario de prueba 59',to_date('19-NOV-24','DD-MON-RR'),1,107);
Insert into USERDB.COMENTARIOS (ID,CONTENIDO,FECHA,ID_ANALISTA,ID_DEVELOPER) values (60,'Comentario de prueba 60',to_date('08-NOV-24','DD-MON-RR'),2,147);
Insert into USERDB.COMENTARIOS (ID,CONTENIDO,FECHA,ID_ANALISTA,ID_DEVELOPER) values (61,'Comentario de prueba 61',to_date('12-NOV-24','DD-MON-RR'),1,15);
Insert into USERDB.COMENTARIOS (ID,CONTENIDO,FECHA,ID_ANALISTA,ID_DEVELOPER) values (62,'Comentario de prueba 62',to_date('01-NOV-24','DD-MON-RR'),2,22);
Insert into USERDB.COMENTARIOS (ID,CONTENIDO,FECHA,ID_ANALISTA,ID_DEVELOPER) values (63,'Comentario de prueba 63',to_date('07-NOV-24','DD-MON-RR'),2,9);
Insert into USERDB.COMENTARIOS (ID,CONTENIDO,FECHA,ID_ANALISTA,ID_DEVELOPER) values (64,'Comentario de prueba 64',to_date('02-NOV-24','DD-MON-RR'),2,48);
Insert into USERDB.COMENTARIOS (ID,CONTENIDO,FECHA,ID_ANALISTA,ID_DEVELOPER) values (65,'Comentario de prueba 65',to_date('18-NOV-24','DD-MON-RR'),1,130);
Insert into USERDB.COMENTARIOS (ID,CONTENIDO,FECHA,ID_ANALISTA,ID_DEVELOPER) values (66,'Comentario de prueba 66',to_date('13-NOV-24','DD-MON-RR'),1,41);
Insert into USERDB.COMENTARIOS (ID,CONTENIDO,FECHA,ID_ANALISTA,ID_DEVELOPER) values (67,'Comentario de prueba 67',to_date('01-DEC-24','DD-MON-RR'),2,115);
Insert into USERDB.COMENTARIOS (ID,CONTENIDO,FECHA,ID_ANALISTA,ID_DEVELOPER) values (68,'Comentario de prueba 68',to_date('14-NOV-24','DD-MON-RR'),3,9);
Insert into USERDB.COMENTARIOS (ID,CONTENIDO,FECHA,ID_ANALISTA,ID_DEVELOPER) values (69,'Comentario de prueba 69',to_date('01-NOV-24','DD-MON-RR'),1,47);
Insert into USERDB.COMENTARIOS (ID,CONTENIDO,FECHA,ID_ANALISTA,ID_DEVELOPER) values (70,'Comentario de prueba 70',to_date('20-NOV-24','DD-MON-RR'),3,42);
Insert into USERDB.COMENTARIOS (ID,CONTENIDO,FECHA,ID_ANALISTA,ID_DEVELOPER) values (71,'Comentario de prueba 71',to_date('28-NOV-24','DD-MON-RR'),1,16);
Insert into USERDB.COMENTARIOS (ID,CONTENIDO,FECHA,ID_ANALISTA,ID_DEVELOPER) values (72,'Comentario de prueba 72',to_date('25-NOV-24','DD-MON-RR'),3,127);
Insert into USERDB.COMENTARIOS (ID,CONTENIDO,FECHA,ID_ANALISTA,ID_DEVELOPER) values (73,'Comentario de prueba 73',to_date('11-NOV-24','DD-MON-RR'),2,32);
Insert into USERDB.COMENTARIOS (ID,CONTENIDO,FECHA,ID_ANALISTA,ID_DEVELOPER) values (74,'Comentario de prueba 74',to_date('18-NOV-24','DD-MON-RR'),2,12);
Insert into USERDB.COMENTARIOS (ID,CONTENIDO,FECHA,ID_ANALISTA,ID_DEVELOPER) values (75,'Comentario de prueba 75',to_date('15-NOV-24','DD-MON-RR'),2,90);
Insert into USERDB.COMENTARIOS (ID,CONTENIDO,FECHA,ID_ANALISTA,ID_DEVELOPER) values (76,'Comentario de prueba 76',to_date('09-NOV-24','DD-MON-RR'),1,132);
Insert into USERDB.COMENTARIOS (ID,CONTENIDO,FECHA,ID_ANALISTA,ID_DEVELOPER) values (77,'Comentario de prueba 77',to_date('02-NOV-24','DD-MON-RR'),3,120);
Insert into USERDB.COMENTARIOS (ID,CONTENIDO,FECHA,ID_ANALISTA,ID_DEVELOPER) values (78,'Comentario de prueba 78',to_date('25-NOV-24','DD-MON-RR'),3,37);
Insert into USERDB.COMENTARIOS (ID,CONTENIDO,FECHA,ID_ANALISTA,ID_DEVELOPER) values (79,'Comentario de prueba 79',to_date('21-NOV-24','DD-MON-RR'),2,30);
Insert into USERDB.COMENTARIOS (ID,CONTENIDO,FECHA,ID_ANALISTA,ID_DEVELOPER) values (80,'Comentario de prueba 80',to_date('01-NOV-24','DD-MON-RR'),1,133);
Insert into USERDB.COMENTARIOS (ID,CONTENIDO,FECHA,ID_ANALISTA,ID_DEVELOPER) values (81,'Comentario de prueba 81',to_date('12-NOV-24','DD-MON-RR'),2,6);
Insert into USERDB.COMENTARIOS (ID,CONTENIDO,FECHA,ID_ANALISTA,ID_DEVELOPER) values (82,'Comentario de prueba 82',to_date('22-NOV-24','DD-MON-RR'),2,80);
Insert into USERDB.COMENTARIOS (ID,CONTENIDO,FECHA,ID_ANALISTA,ID_DEVELOPER) values (83,'Comentario de prueba 83',to_date('26-NOV-24','DD-MON-RR'),3,49);
Insert into USERDB.COMENTARIOS (ID,CONTENIDO,FECHA,ID_ANALISTA,ID_DEVELOPER) values (84,'Comentario de prueba 84',to_date('30-NOV-24','DD-MON-RR'),1,119);
Insert into USERDB.COMENTARIOS (ID,CONTENIDO,FECHA,ID_ANALISTA,ID_DEVELOPER) values (85,'Comentario de prueba 85',to_date('12-NOV-24','DD-MON-RR'),1,16);
Insert into USERDB.COMENTARIOS (ID,CONTENIDO,FECHA,ID_ANALISTA,ID_DEVELOPER) values (86,'Comentario de prueba 86',to_date('14-NOV-24','DD-MON-RR'),2,144);
Insert into USERDB.COMENTARIOS (ID,CONTENIDO,FECHA,ID_ANALISTA,ID_DEVELOPER) values (87,'Comentario de prueba 87',to_date('17-NOV-24','DD-MON-RR'),3,50);
Insert into USERDB.COMENTARIOS (ID,CONTENIDO,FECHA,ID_ANALISTA,ID_DEVELOPER) values (88,'Comentario de prueba 88',to_date('30-NOV-24','DD-MON-RR'),2,138);
Insert into USERDB.COMENTARIOS (ID,CONTENIDO,FECHA,ID_ANALISTA,ID_DEVELOPER) values (89,'Comentario de prueba 89',to_date('21-NOV-24','DD-MON-RR'),1,119);
Insert into USERDB.COMENTARIOS (ID,CONTENIDO,FECHA,ID_ANALISTA,ID_DEVELOPER) values (90,'Comentario de prueba 90',to_date('22-NOV-24','DD-MON-RR'),3,36);
Insert into USERDB.COMENTARIOS (ID,CONTENIDO,FECHA,ID_ANALISTA,ID_DEVELOPER) values (91,'Comentario de prueba 91',to_date('16-NOV-24','DD-MON-RR'),2,60);
Insert into USERDB.COMENTARIOS (ID,CONTENIDO,FECHA,ID_ANALISTA,ID_DEVELOPER) values (92,'Comentario de prueba 92',to_date('28-NOV-24','DD-MON-RR'),2,122);
Insert into USERDB.COMENTARIOS (ID,CONTENIDO,FECHA,ID_ANALISTA,ID_DEVELOPER) values (93,'Comentario de prueba 93',to_date('11-NOV-24','DD-MON-RR'),1,119);
Insert into USERDB.COMENTARIOS (ID,CONTENIDO,FECHA,ID_ANALISTA,ID_DEVELOPER) values (94,'Comentario de prueba 94',to_date('25-NOV-24','DD-MON-RR'),1,24);
Insert into USERDB.COMENTARIOS (ID,CONTENIDO,FECHA,ID_ANALISTA,ID_DEVELOPER) values (95,'Comentario de prueba 95',to_date('28-NOV-24','DD-MON-RR'),3,89);
Insert into USERDB.COMENTARIOS (ID,CONTENIDO,FECHA,ID_ANALISTA,ID_DEVELOPER) values (96,'Comentario de prueba 96',to_date('11-NOV-24','DD-MON-RR'),2,21);
Insert into USERDB.COMENTARIOS (ID,CONTENIDO,FECHA,ID_ANALISTA,ID_DEVELOPER) values (97,'Comentario de prueba 97',to_date('01-DEC-24','DD-MON-RR'),1,51);
Insert into USERDB.COMENTARIOS (ID,CONTENIDO,FECHA,ID_ANALISTA,ID_DEVELOPER) values (98,'Comentario de prueba 98',to_date('26-NOV-24','DD-MON-RR'),2,122);
Insert into USERDB.COMENTARIOS (ID,CONTENIDO,FECHA,ID_ANALISTA,ID_DEVELOPER) values (99,'Comentario de prueba 99',to_date('30-NOV-24','DD-MON-RR'),3,9);
Insert into USERDB.COMENTARIOS (ID,CONTENIDO,FECHA,ID_ANALISTA,ID_DEVELOPER) values (100,'Comentario de prueba 100',to_date('26-NOV-24','DD-MON-RR'),2,78);
REM INSERTING into USERDB.DEPARTAMENTOS
SET DEFINE OFF;
Insert into USERDB.DEPARTAMENTOS (ID,NOMBRE) values (1,'Recursos Humanos');
Insert into USERDB.DEPARTAMENTOS (ID,NOMBRE) values (2,'Finanzas');
Insert into USERDB.DEPARTAMENTOS (ID,NOMBRE) values (3,'Marketing');
Insert into USERDB.DEPARTAMENTOS (ID,NOMBRE) values (4,'Tecnologia');
Insert into USERDB.DEPARTAMENTOS (ID,NOMBRE) values (5,'Ventas');
Insert into USERDB.DEPARTAMENTOS (ID,NOMBRE) values (6,'Operaciones');
Insert into USERDB.DEPARTAMENTOS (ID,NOMBRE) values (7,'Logistica');
Insert into USERDB.DEPARTAMENTOS (ID,NOMBRE) values (8,'Compras');
Insert into USERDB.DEPARTAMENTOS (ID,NOMBRE) values (9,'Atencion al Cliente');
Insert into USERDB.DEPARTAMENTOS (ID,NOMBRE) values (10,'Produccion');
REM INSERTING into USERDB.DEPARTAMENTOS_PROYECTO
SET DEFINE OFF;
Insert into USERDB.DEPARTAMENTOS_PROYECTO (ID,ID_DEPARTAMENTO,ID_PROYECTO) values (1,2,2);
Insert into USERDB.DEPARTAMENTOS_PROYECTO (ID,ID_DEPARTAMENTO,ID_PROYECTO) values (2,3,3);
Insert into USERDB.DEPARTAMENTOS_PROYECTO (ID,ID_DEPARTAMENTO,ID_PROYECTO) values (3,4,4);
Insert into USERDB.DEPARTAMENTOS_PROYECTO (ID,ID_DEPARTAMENTO,ID_PROYECTO) values (4,5,5);
Insert into USERDB.DEPARTAMENTOS_PROYECTO (ID,ID_DEPARTAMENTO,ID_PROYECTO) values (5,6,6);
Insert into USERDB.DEPARTAMENTOS_PROYECTO (ID,ID_DEPARTAMENTO,ID_PROYECTO) values (6,7,7);
Insert into USERDB.DEPARTAMENTOS_PROYECTO (ID,ID_DEPARTAMENTO,ID_PROYECTO) values (7,8,8);
Insert into USERDB.DEPARTAMENTOS_PROYECTO (ID,ID_DEPARTAMENTO,ID_PROYECTO) values (8,9,9);
Insert into USERDB.DEPARTAMENTOS_PROYECTO (ID,ID_DEPARTAMENTO,ID_PROYECTO) values (9,10,10);
Insert into USERDB.DEPARTAMENTOS_PROYECTO (ID,ID_DEPARTAMENTO,ID_PROYECTO) values (10,1,11);
Insert into USERDB.DEPARTAMENTOS_PROYECTO (ID,ID_DEPARTAMENTO,ID_PROYECTO) values (11,2,12);
Insert into USERDB.DEPARTAMENTOS_PROYECTO (ID,ID_DEPARTAMENTO,ID_PROYECTO) values (12,3,13);
Insert into USERDB.DEPARTAMENTOS_PROYECTO (ID,ID_DEPARTAMENTO,ID_PROYECTO) values (13,4,14);
Insert into USERDB.DEPARTAMENTOS_PROYECTO (ID,ID_DEPARTAMENTO,ID_PROYECTO) values (14,5,15);
Insert into USERDB.DEPARTAMENTOS_PROYECTO (ID,ID_DEPARTAMENTO,ID_PROYECTO) values (15,6,16);
Insert into USERDB.DEPARTAMENTOS_PROYECTO (ID,ID_DEPARTAMENTO,ID_PROYECTO) values (16,7,17);
Insert into USERDB.DEPARTAMENTOS_PROYECTO (ID,ID_DEPARTAMENTO,ID_PROYECTO) values (17,8,18);
Insert into USERDB.DEPARTAMENTOS_PROYECTO (ID,ID_DEPARTAMENTO,ID_PROYECTO) values (18,9,19);
Insert into USERDB.DEPARTAMENTOS_PROYECTO (ID,ID_DEPARTAMENTO,ID_PROYECTO) values (19,10,20);
Insert into USERDB.DEPARTAMENTOS_PROYECTO (ID,ID_DEPARTAMENTO,ID_PROYECTO) values (20,1,1);
Insert into USERDB.DEPARTAMENTOS_PROYECTO (ID,ID_DEPARTAMENTO,ID_PROYECTO) values (21,2,2);
Insert into USERDB.DEPARTAMENTOS_PROYECTO (ID,ID_DEPARTAMENTO,ID_PROYECTO) values (22,3,3);
Insert into USERDB.DEPARTAMENTOS_PROYECTO (ID,ID_DEPARTAMENTO,ID_PROYECTO) values (23,4,4);
Insert into USERDB.DEPARTAMENTOS_PROYECTO (ID,ID_DEPARTAMENTO,ID_PROYECTO) values (24,5,5);
Insert into USERDB.DEPARTAMENTOS_PROYECTO (ID,ID_DEPARTAMENTO,ID_PROYECTO) values (25,6,6);
Insert into USERDB.DEPARTAMENTOS_PROYECTO (ID,ID_DEPARTAMENTO,ID_PROYECTO) values (26,7,7);
Insert into USERDB.DEPARTAMENTOS_PROYECTO (ID,ID_DEPARTAMENTO,ID_PROYECTO) values (27,8,8);
Insert into USERDB.DEPARTAMENTOS_PROYECTO (ID,ID_DEPARTAMENTO,ID_PROYECTO) values (28,9,9);
Insert into USERDB.DEPARTAMENTOS_PROYECTO (ID,ID_DEPARTAMENTO,ID_PROYECTO) values (29,10,10);
Insert into USERDB.DEPARTAMENTOS_PROYECTO (ID,ID_DEPARTAMENTO,ID_PROYECTO) values (30,1,11);
Insert into USERDB.DEPARTAMENTOS_PROYECTO (ID,ID_DEPARTAMENTO,ID_PROYECTO) values (31,2,12);
Insert into USERDB.DEPARTAMENTOS_PROYECTO (ID,ID_DEPARTAMENTO,ID_PROYECTO) values (32,3,13);
Insert into USERDB.DEPARTAMENTOS_PROYECTO (ID,ID_DEPARTAMENTO,ID_PROYECTO) values (33,4,14);
Insert into USERDB.DEPARTAMENTOS_PROYECTO (ID,ID_DEPARTAMENTO,ID_PROYECTO) values (34,5,15);
Insert into USERDB.DEPARTAMENTOS_PROYECTO (ID,ID_DEPARTAMENTO,ID_PROYECTO) values (35,6,16);
Insert into USERDB.DEPARTAMENTOS_PROYECTO (ID,ID_DEPARTAMENTO,ID_PROYECTO) values (36,7,17);
Insert into USERDB.DEPARTAMENTOS_PROYECTO (ID,ID_DEPARTAMENTO,ID_PROYECTO) values (37,8,18);
Insert into USERDB.DEPARTAMENTOS_PROYECTO (ID,ID_DEPARTAMENTO,ID_PROYECTO) values (38,9,19);
Insert into USERDB.DEPARTAMENTOS_PROYECTO (ID,ID_DEPARTAMENTO,ID_PROYECTO) values (39,10,20);
Insert into USERDB.DEPARTAMENTOS_PROYECTO (ID,ID_DEPARTAMENTO,ID_PROYECTO) values (40,1,1);
Insert into USERDB.DEPARTAMENTOS_PROYECTO (ID,ID_DEPARTAMENTO,ID_PROYECTO) values (41,2,2);
Insert into USERDB.DEPARTAMENTOS_PROYECTO (ID,ID_DEPARTAMENTO,ID_PROYECTO) values (42,3,3);
Insert into USERDB.DEPARTAMENTOS_PROYECTO (ID,ID_DEPARTAMENTO,ID_PROYECTO) values (43,4,4);
Insert into USERDB.DEPARTAMENTOS_PROYECTO (ID,ID_DEPARTAMENTO,ID_PROYECTO) values (44,5,5);
Insert into USERDB.DEPARTAMENTOS_PROYECTO (ID,ID_DEPARTAMENTO,ID_PROYECTO) values (45,6,6);
Insert into USERDB.DEPARTAMENTOS_PROYECTO (ID,ID_DEPARTAMENTO,ID_PROYECTO) values (46,7,7);
Insert into USERDB.DEPARTAMENTOS_PROYECTO (ID,ID_DEPARTAMENTO,ID_PROYECTO) values (47,8,8);
Insert into USERDB.DEPARTAMENTOS_PROYECTO (ID,ID_DEPARTAMENTO,ID_PROYECTO) values (48,9,9);
Insert into USERDB.DEPARTAMENTOS_PROYECTO (ID,ID_DEPARTAMENTO,ID_PROYECTO) values (49,10,10);
Insert into USERDB.DEPARTAMENTOS_PROYECTO (ID,ID_DEPARTAMENTO,ID_PROYECTO) values (50,1,11);
Insert into USERDB.DEPARTAMENTOS_PROYECTO (ID,ID_DEPARTAMENTO,ID_PROYECTO) values (51,2,12);
Insert into USERDB.DEPARTAMENTOS_PROYECTO (ID,ID_DEPARTAMENTO,ID_PROYECTO) values (52,3,13);
Insert into USERDB.DEPARTAMENTOS_PROYECTO (ID,ID_DEPARTAMENTO,ID_PROYECTO) values (53,4,14);
Insert into USERDB.DEPARTAMENTOS_PROYECTO (ID,ID_DEPARTAMENTO,ID_PROYECTO) values (54,5,15);
Insert into USERDB.DEPARTAMENTOS_PROYECTO (ID,ID_DEPARTAMENTO,ID_PROYECTO) values (55,6,16);
Insert into USERDB.DEPARTAMENTOS_PROYECTO (ID,ID_DEPARTAMENTO,ID_PROYECTO) values (56,7,17);
Insert into USERDB.DEPARTAMENTOS_PROYECTO (ID,ID_DEPARTAMENTO,ID_PROYECTO) values (57,8,18);
Insert into USERDB.DEPARTAMENTOS_PROYECTO (ID,ID_DEPARTAMENTO,ID_PROYECTO) values (58,9,19);
Insert into USERDB.DEPARTAMENTOS_PROYECTO (ID,ID_DEPARTAMENTO,ID_PROYECTO) values (59,10,20);
Insert into USERDB.DEPARTAMENTOS_PROYECTO (ID,ID_DEPARTAMENTO,ID_PROYECTO) values (60,1,1);
Insert into USERDB.DEPARTAMENTOS_PROYECTO (ID,ID_DEPARTAMENTO,ID_PROYECTO) values (61,2,2);
Insert into USERDB.DEPARTAMENTOS_PROYECTO (ID,ID_DEPARTAMENTO,ID_PROYECTO) values (62,3,3);
Insert into USERDB.DEPARTAMENTOS_PROYECTO (ID,ID_DEPARTAMENTO,ID_PROYECTO) values (63,4,4);
Insert into USERDB.DEPARTAMENTOS_PROYECTO (ID,ID_DEPARTAMENTO,ID_PROYECTO) values (64,5,5);
Insert into USERDB.DEPARTAMENTOS_PROYECTO (ID,ID_DEPARTAMENTO,ID_PROYECTO) values (65,6,6);
Insert into USERDB.DEPARTAMENTOS_PROYECTO (ID,ID_DEPARTAMENTO,ID_PROYECTO) values (66,7,7);
Insert into USERDB.DEPARTAMENTOS_PROYECTO (ID,ID_DEPARTAMENTO,ID_PROYECTO) values (67,8,8);
Insert into USERDB.DEPARTAMENTOS_PROYECTO (ID,ID_DEPARTAMENTO,ID_PROYECTO) values (68,9,9);
Insert into USERDB.DEPARTAMENTOS_PROYECTO (ID,ID_DEPARTAMENTO,ID_PROYECTO) values (69,10,10);
Insert into USERDB.DEPARTAMENTOS_PROYECTO (ID,ID_DEPARTAMENTO,ID_PROYECTO) values (70,1,11);
Insert into USERDB.DEPARTAMENTOS_PROYECTO (ID,ID_DEPARTAMENTO,ID_PROYECTO) values (71,2,12);
Insert into USERDB.DEPARTAMENTOS_PROYECTO (ID,ID_DEPARTAMENTO,ID_PROYECTO) values (72,3,13);
Insert into USERDB.DEPARTAMENTOS_PROYECTO (ID,ID_DEPARTAMENTO,ID_PROYECTO) values (73,4,14);
Insert into USERDB.DEPARTAMENTOS_PROYECTO (ID,ID_DEPARTAMENTO,ID_PROYECTO) values (74,5,15);
Insert into USERDB.DEPARTAMENTOS_PROYECTO (ID,ID_DEPARTAMENTO,ID_PROYECTO) values (75,6,16);
Insert into USERDB.DEPARTAMENTOS_PROYECTO (ID,ID_DEPARTAMENTO,ID_PROYECTO) values (76,7,17);
Insert into USERDB.DEPARTAMENTOS_PROYECTO (ID,ID_DEPARTAMENTO,ID_PROYECTO) values (77,8,18);
Insert into USERDB.DEPARTAMENTOS_PROYECTO (ID,ID_DEPARTAMENTO,ID_PROYECTO) values (78,9,19);
Insert into USERDB.DEPARTAMENTOS_PROYECTO (ID,ID_DEPARTAMENTO,ID_PROYECTO) values (79,10,20);
Insert into USERDB.DEPARTAMENTOS_PROYECTO (ID,ID_DEPARTAMENTO,ID_PROYECTO) values (80,1,1);
Insert into USERDB.DEPARTAMENTOS_PROYECTO (ID,ID_DEPARTAMENTO,ID_PROYECTO) values (81,2,2);
Insert into USERDB.DEPARTAMENTOS_PROYECTO (ID,ID_DEPARTAMENTO,ID_PROYECTO) values (82,3,3);
Insert into USERDB.DEPARTAMENTOS_PROYECTO (ID,ID_DEPARTAMENTO,ID_PROYECTO) values (83,4,4);
Insert into USERDB.DEPARTAMENTOS_PROYECTO (ID,ID_DEPARTAMENTO,ID_PROYECTO) values (84,5,5);
Insert into USERDB.DEPARTAMENTOS_PROYECTO (ID,ID_DEPARTAMENTO,ID_PROYECTO) values (85,6,6);
Insert into USERDB.DEPARTAMENTOS_PROYECTO (ID,ID_DEPARTAMENTO,ID_PROYECTO) values (86,7,7);
Insert into USERDB.DEPARTAMENTOS_PROYECTO (ID,ID_DEPARTAMENTO,ID_PROYECTO) values (87,8,8);
Insert into USERDB.DEPARTAMENTOS_PROYECTO (ID,ID_DEPARTAMENTO,ID_PROYECTO) values (88,9,9);
Insert into USERDB.DEPARTAMENTOS_PROYECTO (ID,ID_DEPARTAMENTO,ID_PROYECTO) values (89,10,10);
Insert into USERDB.DEPARTAMENTOS_PROYECTO (ID,ID_DEPARTAMENTO,ID_PROYECTO) values (90,1,11);
Insert into USERDB.DEPARTAMENTOS_PROYECTO (ID,ID_DEPARTAMENTO,ID_PROYECTO) values (91,2,12);
Insert into USERDB.DEPARTAMENTOS_PROYECTO (ID,ID_DEPARTAMENTO,ID_PROYECTO) values (92,3,13);
Insert into USERDB.DEPARTAMENTOS_PROYECTO (ID,ID_DEPARTAMENTO,ID_PROYECTO) values (93,4,14);
Insert into USERDB.DEPARTAMENTOS_PROYECTO (ID,ID_DEPARTAMENTO,ID_PROYECTO) values (94,5,15);
Insert into USERDB.DEPARTAMENTOS_PROYECTO (ID,ID_DEPARTAMENTO,ID_PROYECTO) values (95,6,16);
Insert into USERDB.DEPARTAMENTOS_PROYECTO (ID,ID_DEPARTAMENTO,ID_PROYECTO) values (96,7,17);
Insert into USERDB.DEPARTAMENTOS_PROYECTO (ID,ID_DEPARTAMENTO,ID_PROYECTO) values (97,8,18);
Insert into USERDB.DEPARTAMENTOS_PROYECTO (ID,ID_DEPARTAMENTO,ID_PROYECTO) values (98,9,19);
Insert into USERDB.DEPARTAMENTOS_PROYECTO (ID,ID_DEPARTAMENTO,ID_PROYECTO) values (99,10,20);
Insert into USERDB.DEPARTAMENTOS_PROYECTO (ID,ID_DEPARTAMENTO,ID_PROYECTO) values (100,1,1);
REM INSERTING into USERDB.DEVELOPER_DEPARTAMENTOS
SET DEFINE OFF;
Insert into USERDB.DEVELOPER_DEPARTAMENTOS (ID,ID_DEVELOPER,ID_DEPARTAMENTO) values (1,2,9);
Insert into USERDB.DEVELOPER_DEPARTAMENTOS (ID,ID_DEVELOPER,ID_DEPARTAMENTO) values (2,2,10);
Insert into USERDB.DEVELOPER_DEPARTAMENTOS (ID,ID_DEVELOPER,ID_DEPARTAMENTO) values (3,4,10);
Insert into USERDB.DEVELOPER_DEPARTAMENTOS (ID,ID_DEVELOPER,ID_DEPARTAMENTO) values (4,2,3);
Insert into USERDB.DEVELOPER_DEPARTAMENTOS (ID,ID_DEVELOPER,ID_DEPARTAMENTO) values (5,2,1);
Insert into USERDB.DEVELOPER_DEPARTAMENTOS (ID,ID_DEVELOPER,ID_DEPARTAMENTO) values (6,6,1);
Insert into USERDB.DEVELOPER_DEPARTAMENTOS (ID,ID_DEVELOPER,ID_DEPARTAMENTO) values (7,6,7);
Insert into USERDB.DEVELOPER_DEPARTAMENTOS (ID,ID_DEVELOPER,ID_DEPARTAMENTO) values (8,2,8);
Insert into USERDB.DEVELOPER_DEPARTAMENTOS (ID,ID_DEVELOPER,ID_DEPARTAMENTO) values (9,6,4);
Insert into USERDB.DEVELOPER_DEPARTAMENTOS (ID,ID_DEVELOPER,ID_DEPARTAMENTO) values (10,6,10);
Insert into USERDB.DEVELOPER_DEPARTAMENTOS (ID,ID_DEVELOPER,ID_DEPARTAMENTO) values (11,6,5);
Insert into USERDB.DEVELOPER_DEPARTAMENTOS (ID,ID_DEVELOPER,ID_DEPARTAMENTO) values (12,8,1);
Insert into USERDB.DEVELOPER_DEPARTAMENTOS (ID,ID_DEVELOPER,ID_DEPARTAMENTO) values (13,8,7);
Insert into USERDB.DEVELOPER_DEPARTAMENTOS (ID,ID_DEVELOPER,ID_DEPARTAMENTO) values (14,8,4);
Insert into USERDB.DEVELOPER_DEPARTAMENTOS (ID,ID_DEVELOPER,ID_DEPARTAMENTO) values (15,10,1);
Insert into USERDB.DEVELOPER_DEPARTAMENTOS (ID,ID_DEVELOPER,ID_DEPARTAMENTO) values (16,10,3);
Insert into USERDB.DEVELOPER_DEPARTAMENTOS (ID,ID_DEVELOPER,ID_DEPARTAMENTO) values (17,10,9);
Insert into USERDB.DEVELOPER_DEPARTAMENTOS (ID,ID_DEVELOPER,ID_DEPARTAMENTO) values (18,12,5);
Insert into USERDB.DEVELOPER_DEPARTAMENTOS (ID,ID_DEVELOPER,ID_DEPARTAMENTO) values (19,12,2);
Insert into USERDB.DEVELOPER_DEPARTAMENTOS (ID,ID_DEVELOPER,ID_DEPARTAMENTO) values (20,12,10);
Insert into USERDB.DEVELOPER_DEPARTAMENTOS (ID,ID_DEVELOPER,ID_DEPARTAMENTO) values (21,12,7);
Insert into USERDB.DEVELOPER_DEPARTAMENTOS (ID,ID_DEVELOPER,ID_DEPARTAMENTO) values (22,12,4);
Insert into USERDB.DEVELOPER_DEPARTAMENTOS (ID,ID_DEVELOPER,ID_DEPARTAMENTO) values (23,12,1);
Insert into USERDB.DEVELOPER_DEPARTAMENTOS (ID,ID_DEVELOPER,ID_DEPARTAMENTO) values (24,12,9);
Insert into USERDB.DEVELOPER_DEPARTAMENTOS (ID,ID_DEVELOPER,ID_DEPARTAMENTO) values (25,14,7);
Insert into USERDB.DEVELOPER_DEPARTAMENTOS (ID,ID_DEVELOPER,ID_DEPARTAMENTO) values (26,14,5);
Insert into USERDB.DEVELOPER_DEPARTAMENTOS (ID,ID_DEVELOPER,ID_DEPARTAMENTO) values (27,14,9);
Insert into USERDB.DEVELOPER_DEPARTAMENTOS (ID,ID_DEVELOPER,ID_DEPARTAMENTO) values (28,14,2);
Insert into USERDB.DEVELOPER_DEPARTAMENTOS (ID,ID_DEVELOPER,ID_DEPARTAMENTO) values (29,16,10);
Insert into USERDB.DEVELOPER_DEPARTAMENTOS (ID,ID_DEVELOPER,ID_DEPARTAMENTO) values (30,16,9);
Insert into USERDB.DEVELOPER_DEPARTAMENTOS (ID,ID_DEVELOPER,ID_DEPARTAMENTO) values (31,16,6);
Insert into USERDB.DEVELOPER_DEPARTAMENTOS (ID,ID_DEVELOPER,ID_DEPARTAMENTO) values (32,16,4);
Insert into USERDB.DEVELOPER_DEPARTAMENTOS (ID,ID_DEVELOPER,ID_DEPARTAMENTO) values (33,16,7);
Insert into USERDB.DEVELOPER_DEPARTAMENTOS (ID,ID_DEVELOPER,ID_DEPARTAMENTO) values (34,16,8);
Insert into USERDB.DEVELOPER_DEPARTAMENTOS (ID,ID_DEVELOPER,ID_DEPARTAMENTO) values (35,16,2);
Insert into USERDB.DEVELOPER_DEPARTAMENTOS (ID,ID_DEVELOPER,ID_DEPARTAMENTO) values (36,16,1);
Insert into USERDB.DEVELOPER_DEPARTAMENTOS (ID,ID_DEVELOPER,ID_DEPARTAMENTO) values (37,16,3);
Insert into USERDB.DEVELOPER_DEPARTAMENTOS (ID,ID_DEVELOPER,ID_DEPARTAMENTO) values (38,16,5);
Insert into USERDB.DEVELOPER_DEPARTAMENTOS (ID,ID_DEVELOPER,ID_DEPARTAMENTO) values (39,18,3);
Insert into USERDB.DEVELOPER_DEPARTAMENTOS (ID,ID_DEVELOPER,ID_DEPARTAMENTO) values (40,18,9);
Insert into USERDB.DEVELOPER_DEPARTAMENTOS (ID,ID_DEVELOPER,ID_DEPARTAMENTO) values (41,18,10);
Insert into USERDB.DEVELOPER_DEPARTAMENTOS (ID,ID_DEVELOPER,ID_DEPARTAMENTO) values (42,18,8);
Insert into USERDB.DEVELOPER_DEPARTAMENTOS (ID,ID_DEVELOPER,ID_DEPARTAMENTO) values (43,18,5);
Insert into USERDB.DEVELOPER_DEPARTAMENTOS (ID,ID_DEVELOPER,ID_DEPARTAMENTO) values (44,20,7);
Insert into USERDB.DEVELOPER_DEPARTAMENTOS (ID,ID_DEVELOPER,ID_DEPARTAMENTO) values (45,20,2);
Insert into USERDB.DEVELOPER_DEPARTAMENTOS (ID,ID_DEVELOPER,ID_DEPARTAMENTO) values (46,20,4);
Insert into USERDB.DEVELOPER_DEPARTAMENTOS (ID,ID_DEVELOPER,ID_DEPARTAMENTO) values (47,20,6);
Insert into USERDB.DEVELOPER_DEPARTAMENTOS (ID,ID_DEVELOPER,ID_DEPARTAMENTO) values (48,20,3);
Insert into USERDB.DEVELOPER_DEPARTAMENTOS (ID,ID_DEVELOPER,ID_DEPARTAMENTO) values (49,20,9);
Insert into USERDB.DEVELOPER_DEPARTAMENTOS (ID,ID_DEVELOPER,ID_DEPARTAMENTO) values (50,20,10);
Insert into USERDB.DEVELOPER_DEPARTAMENTOS (ID,ID_DEVELOPER,ID_DEPARTAMENTO) values (51,22,10);
Insert into USERDB.DEVELOPER_DEPARTAMENTOS (ID,ID_DEVELOPER,ID_DEPARTAMENTO) values (52,22,7);
Insert into USERDB.DEVELOPER_DEPARTAMENTOS (ID,ID_DEVELOPER,ID_DEPARTAMENTO) values (53,22,6);
Insert into USERDB.DEVELOPER_DEPARTAMENTOS (ID,ID_DEVELOPER,ID_DEPARTAMENTO) values (54,22,1);
Insert into USERDB.DEVELOPER_DEPARTAMENTOS (ID,ID_DEVELOPER,ID_DEPARTAMENTO) values (55,22,2);
Insert into USERDB.DEVELOPER_DEPARTAMENTOS (ID,ID_DEVELOPER,ID_DEPARTAMENTO) values (56,22,8);
Insert into USERDB.DEVELOPER_DEPARTAMENTOS (ID,ID_DEVELOPER,ID_DEPARTAMENTO) values (57,22,3);
Insert into USERDB.DEVELOPER_DEPARTAMENTOS (ID,ID_DEVELOPER,ID_DEPARTAMENTO) values (58,24,10);
Insert into USERDB.DEVELOPER_DEPARTAMENTOS (ID,ID_DEVELOPER,ID_DEPARTAMENTO) values (59,24,5);
Insert into USERDB.DEVELOPER_DEPARTAMENTOS (ID,ID_DEVELOPER,ID_DEPARTAMENTO) values (60,26,9);
Insert into USERDB.DEVELOPER_DEPARTAMENTOS (ID,ID_DEVELOPER,ID_DEPARTAMENTO) values (61,26,7);
Insert into USERDB.DEVELOPER_DEPARTAMENTOS (ID,ID_DEVELOPER,ID_DEPARTAMENTO) values (62,26,5);
Insert into USERDB.DEVELOPER_DEPARTAMENTOS (ID,ID_DEVELOPER,ID_DEPARTAMENTO) values (63,26,8);
Insert into USERDB.DEVELOPER_DEPARTAMENTOS (ID,ID_DEVELOPER,ID_DEPARTAMENTO) values (64,28,2);
Insert into USERDB.DEVELOPER_DEPARTAMENTOS (ID,ID_DEVELOPER,ID_DEPARTAMENTO) values (65,28,5);
Insert into USERDB.DEVELOPER_DEPARTAMENTOS (ID,ID_DEVELOPER,ID_DEPARTAMENTO) values (66,28,6);
Insert into USERDB.DEVELOPER_DEPARTAMENTOS (ID,ID_DEVELOPER,ID_DEPARTAMENTO) values (67,28,1);
Insert into USERDB.DEVELOPER_DEPARTAMENTOS (ID,ID_DEVELOPER,ID_DEPARTAMENTO) values (68,28,10);
Insert into USERDB.DEVELOPER_DEPARTAMENTOS (ID,ID_DEVELOPER,ID_DEPARTAMENTO) values (69,28,3);
Insert into USERDB.DEVELOPER_DEPARTAMENTOS (ID,ID_DEVELOPER,ID_DEPARTAMENTO) values (70,28,8);
Insert into USERDB.DEVELOPER_DEPARTAMENTOS (ID,ID_DEVELOPER,ID_DEPARTAMENTO) values (71,28,9);
Insert into USERDB.DEVELOPER_DEPARTAMENTOS (ID,ID_DEVELOPER,ID_DEPARTAMENTO) values (72,30,7);
Insert into USERDB.DEVELOPER_DEPARTAMENTOS (ID,ID_DEVELOPER,ID_DEPARTAMENTO) values (73,30,8);
Insert into USERDB.DEVELOPER_DEPARTAMENTOS (ID,ID_DEVELOPER,ID_DEPARTAMENTO) values (74,30,6);
Insert into USERDB.DEVELOPER_DEPARTAMENTOS (ID,ID_DEVELOPER,ID_DEPARTAMENTO) values (75,30,5);
Insert into USERDB.DEVELOPER_DEPARTAMENTOS (ID,ID_DEVELOPER,ID_DEPARTAMENTO) values (76,30,10);
Insert into USERDB.DEVELOPER_DEPARTAMENTOS (ID,ID_DEVELOPER,ID_DEPARTAMENTO) values (77,30,9);
Insert into USERDB.DEVELOPER_DEPARTAMENTOS (ID,ID_DEVELOPER,ID_DEPARTAMENTO) values (78,30,2);
Insert into USERDB.DEVELOPER_DEPARTAMENTOS (ID,ID_DEVELOPER,ID_DEPARTAMENTO) values (79,30,3);
Insert into USERDB.DEVELOPER_DEPARTAMENTOS (ID,ID_DEVELOPER,ID_DEPARTAMENTO) values (80,30,4);
Insert into USERDB.DEVELOPER_DEPARTAMENTOS (ID,ID_DEVELOPER,ID_DEPARTAMENTO) values (81,32,8);
Insert into USERDB.DEVELOPER_DEPARTAMENTOS (ID,ID_DEVELOPER,ID_DEPARTAMENTO) values (82,32,2);
Insert into USERDB.DEVELOPER_DEPARTAMENTOS (ID,ID_DEVELOPER,ID_DEPARTAMENTO) values (83,32,7);
Insert into USERDB.DEVELOPER_DEPARTAMENTOS (ID,ID_DEVELOPER,ID_DEPARTAMENTO) values (84,32,3);
Insert into USERDB.DEVELOPER_DEPARTAMENTOS (ID,ID_DEVELOPER,ID_DEPARTAMENTO) values (85,32,10);
Insert into USERDB.DEVELOPER_DEPARTAMENTOS (ID,ID_DEVELOPER,ID_DEPARTAMENTO) values (86,32,1);
Insert into USERDB.DEVELOPER_DEPARTAMENTOS (ID,ID_DEVELOPER,ID_DEPARTAMENTO) values (87,32,4);
Insert into USERDB.DEVELOPER_DEPARTAMENTOS (ID,ID_DEVELOPER,ID_DEPARTAMENTO) values (88,34,4);
Insert into USERDB.DEVELOPER_DEPARTAMENTOS (ID,ID_DEVELOPER,ID_DEPARTAMENTO) values (89,34,9);
Insert into USERDB.DEVELOPER_DEPARTAMENTOS (ID,ID_DEVELOPER,ID_DEPARTAMENTO) values (90,34,2);
Insert into USERDB.DEVELOPER_DEPARTAMENTOS (ID,ID_DEVELOPER,ID_DEPARTAMENTO) values (91,34,7);
Insert into USERDB.DEVELOPER_DEPARTAMENTOS (ID,ID_DEVELOPER,ID_DEPARTAMENTO) values (92,34,6);
Insert into USERDB.DEVELOPER_DEPARTAMENTOS (ID,ID_DEVELOPER,ID_DEPARTAMENTO) values (93,34,8);
Insert into USERDB.DEVELOPER_DEPARTAMENTOS (ID,ID_DEVELOPER,ID_DEPARTAMENTO) values (94,34,10);
Insert into USERDB.DEVELOPER_DEPARTAMENTOS (ID,ID_DEVELOPER,ID_DEPARTAMENTO) values (95,34,3);
Insert into USERDB.DEVELOPER_DEPARTAMENTOS (ID,ID_DEVELOPER,ID_DEPARTAMENTO) values (96,34,1);
Insert into USERDB.DEVELOPER_DEPARTAMENTOS (ID,ID_DEVELOPER,ID_DEPARTAMENTO) values (97,36,6);
Insert into USERDB.DEVELOPER_DEPARTAMENTOS (ID,ID_DEVELOPER,ID_DEPARTAMENTO) values (98,36,1);
Insert into USERDB.DEVELOPER_DEPARTAMENTOS (ID,ID_DEVELOPER,ID_DEPARTAMENTO) values (99,38,9);
Insert into USERDB.DEVELOPER_DEPARTAMENTOS (ID,ID_DEVELOPER,ID_DEPARTAMENTO) values (100,38,6);
Insert into USERDB.DEVELOPER_DEPARTAMENTOS (ID,ID_DEVELOPER,ID_DEPARTAMENTO) values (101,38,7);
Insert into USERDB.DEVELOPER_DEPARTAMENTOS (ID,ID_DEVELOPER,ID_DEPARTAMENTO) values (102,38,3);
Insert into USERDB.DEVELOPER_DEPARTAMENTOS (ID,ID_DEVELOPER,ID_DEPARTAMENTO) values (103,38,5);
Insert into USERDB.DEVELOPER_DEPARTAMENTOS (ID,ID_DEVELOPER,ID_DEPARTAMENTO) values (104,38,2);
Insert into USERDB.DEVELOPER_DEPARTAMENTOS (ID,ID_DEVELOPER,ID_DEPARTAMENTO) values (105,38,4);
Insert into USERDB.DEVELOPER_DEPARTAMENTOS (ID,ID_DEVELOPER,ID_DEPARTAMENTO) values (106,38,10);
Insert into USERDB.DEVELOPER_DEPARTAMENTOS (ID,ID_DEVELOPER,ID_DEPARTAMENTO) values (107,38,1);
Insert into USERDB.DEVELOPER_DEPARTAMENTOS (ID,ID_DEVELOPER,ID_DEPARTAMENTO) values (108,38,8);
Insert into USERDB.DEVELOPER_DEPARTAMENTOS (ID,ID_DEVELOPER,ID_DEPARTAMENTO) values (109,40,1);
Insert into USERDB.DEVELOPER_DEPARTAMENTOS (ID,ID_DEVELOPER,ID_DEPARTAMENTO) values (110,40,6);
Insert into USERDB.DEVELOPER_DEPARTAMENTOS (ID,ID_DEVELOPER,ID_DEPARTAMENTO) values (111,40,10);
Insert into USERDB.DEVELOPER_DEPARTAMENTOS (ID,ID_DEVELOPER,ID_DEPARTAMENTO) values (112,40,3);
Insert into USERDB.DEVELOPER_DEPARTAMENTOS (ID,ID_DEVELOPER,ID_DEPARTAMENTO) values (113,40,7);
Insert into USERDB.DEVELOPER_DEPARTAMENTOS (ID,ID_DEVELOPER,ID_DEPARTAMENTO) values (114,40,4);
Insert into USERDB.DEVELOPER_DEPARTAMENTOS (ID,ID_DEVELOPER,ID_DEPARTAMENTO) values (115,40,8);
Insert into USERDB.DEVELOPER_DEPARTAMENTOS (ID,ID_DEVELOPER,ID_DEPARTAMENTO) values (116,42,1);
Insert into USERDB.DEVELOPER_DEPARTAMENTOS (ID,ID_DEVELOPER,ID_DEPARTAMENTO) values (117,42,2);
Insert into USERDB.DEVELOPER_DEPARTAMENTOS (ID,ID_DEVELOPER,ID_DEPARTAMENTO) values (118,42,3);
Insert into USERDB.DEVELOPER_DEPARTAMENTOS (ID,ID_DEVELOPER,ID_DEPARTAMENTO) values (119,42,6);
Insert into USERDB.DEVELOPER_DEPARTAMENTOS (ID,ID_DEVELOPER,ID_DEPARTAMENTO) values (120,42,4);
Insert into USERDB.DEVELOPER_DEPARTAMENTOS (ID,ID_DEVELOPER,ID_DEPARTAMENTO) values (121,44,1);
Insert into USERDB.DEVELOPER_DEPARTAMENTOS (ID,ID_DEVELOPER,ID_DEPARTAMENTO) values (122,44,3);
Insert into USERDB.DEVELOPER_DEPARTAMENTOS (ID,ID_DEVELOPER,ID_DEPARTAMENTO) values (123,44,5);
Insert into USERDB.DEVELOPER_DEPARTAMENTOS (ID,ID_DEVELOPER,ID_DEPARTAMENTO) values (124,44,4);
Insert into USERDB.DEVELOPER_DEPARTAMENTOS (ID,ID_DEVELOPER,ID_DEPARTAMENTO) values (125,44,8);
Insert into USERDB.DEVELOPER_DEPARTAMENTOS (ID,ID_DEVELOPER,ID_DEPARTAMENTO) values (126,44,9);
Insert into USERDB.DEVELOPER_DEPARTAMENTOS (ID,ID_DEVELOPER,ID_DEPARTAMENTO) values (127,44,7);
Insert into USERDB.DEVELOPER_DEPARTAMENTOS (ID,ID_DEVELOPER,ID_DEPARTAMENTO) values (128,44,6);
Insert into USERDB.DEVELOPER_DEPARTAMENTOS (ID,ID_DEVELOPER,ID_DEPARTAMENTO) values (129,44,2);
Insert into USERDB.DEVELOPER_DEPARTAMENTOS (ID,ID_DEVELOPER,ID_DEPARTAMENTO) values (130,44,10);
Insert into USERDB.DEVELOPER_DEPARTAMENTOS (ID,ID_DEVELOPER,ID_DEPARTAMENTO) values (131,46,9);
Insert into USERDB.DEVELOPER_DEPARTAMENTOS (ID,ID_DEVELOPER,ID_DEPARTAMENTO) values (132,46,10);
Insert into USERDB.DEVELOPER_DEPARTAMENTOS (ID,ID_DEVELOPER,ID_DEPARTAMENTO) values (133,48,1);
Insert into USERDB.DEVELOPER_DEPARTAMENTOS (ID,ID_DEVELOPER,ID_DEPARTAMENTO) values (134,48,4);
Insert into USERDB.DEVELOPER_DEPARTAMENTOS (ID,ID_DEVELOPER,ID_DEPARTAMENTO) values (135,48,10);
Insert into USERDB.DEVELOPER_DEPARTAMENTOS (ID,ID_DEVELOPER,ID_DEPARTAMENTO) values (136,48,2);
Insert into USERDB.DEVELOPER_DEPARTAMENTOS (ID,ID_DEVELOPER,ID_DEPARTAMENTO) values (137,48,6);
Insert into USERDB.DEVELOPER_DEPARTAMENTOS (ID,ID_DEVELOPER,ID_DEPARTAMENTO) values (138,48,9);
Insert into USERDB.DEVELOPER_DEPARTAMENTOS (ID,ID_DEVELOPER,ID_DEPARTAMENTO) values (139,50,3);
Insert into USERDB.DEVELOPER_DEPARTAMENTOS (ID,ID_DEVELOPER,ID_DEPARTAMENTO) values (140,50,6);
Insert into USERDB.DEVELOPER_DEPARTAMENTOS (ID,ID_DEVELOPER,ID_DEPARTAMENTO) values (141,50,10);
Insert into USERDB.DEVELOPER_DEPARTAMENTOS (ID,ID_DEVELOPER,ID_DEPARTAMENTO) values (142,50,8);
Insert into USERDB.DEVELOPER_DEPARTAMENTOS (ID,ID_DEVELOPER,ID_DEPARTAMENTO) values (143,50,9);
Insert into USERDB.DEVELOPER_DEPARTAMENTOS (ID,ID_DEVELOPER,ID_DEPARTAMENTO) values (144,50,4);
Insert into USERDB.DEVELOPER_DEPARTAMENTOS (ID,ID_DEVELOPER,ID_DEPARTAMENTO) values (145,50,1);
Insert into USERDB.DEVELOPER_DEPARTAMENTOS (ID,ID_DEVELOPER,ID_DEPARTAMENTO) values (146,52,1);
Insert into USERDB.DEVELOPER_DEPARTAMENTOS (ID,ID_DEVELOPER,ID_DEPARTAMENTO) values (147,52,4);
Insert into USERDB.DEVELOPER_DEPARTAMENTOS (ID,ID_DEVELOPER,ID_DEPARTAMENTO) values (148,52,3);
Insert into USERDB.DEVELOPER_DEPARTAMENTOS (ID,ID_DEVELOPER,ID_DEPARTAMENTO) values (149,52,2);
Insert into USERDB.DEVELOPER_DEPARTAMENTOS (ID,ID_DEVELOPER,ID_DEPARTAMENTO) values (150,54,5);
Insert into USERDB.DEVELOPER_DEPARTAMENTOS (ID,ID_DEVELOPER,ID_DEPARTAMENTO) values (151,54,10);
Insert into USERDB.DEVELOPER_DEPARTAMENTOS (ID,ID_DEVELOPER,ID_DEPARTAMENTO) values (152,54,1);
Insert into USERDB.DEVELOPER_DEPARTAMENTOS (ID,ID_DEVELOPER,ID_DEPARTAMENTO) values (153,54,4);
Insert into USERDB.DEVELOPER_DEPARTAMENTOS (ID,ID_DEVELOPER,ID_DEPARTAMENTO) values (154,54,2);
Insert into USERDB.DEVELOPER_DEPARTAMENTOS (ID,ID_DEVELOPER,ID_DEPARTAMENTO) values (155,54,8);
Insert into USERDB.DEVELOPER_DEPARTAMENTOS (ID,ID_DEVELOPER,ID_DEPARTAMENTO) values (156,54,3);
Insert into USERDB.DEVELOPER_DEPARTAMENTOS (ID,ID_DEVELOPER,ID_DEPARTAMENTO) values (157,54,7);
Insert into USERDB.DEVELOPER_DEPARTAMENTOS (ID,ID_DEVELOPER,ID_DEPARTAMENTO) values (158,56,6);
Insert into USERDB.DEVELOPER_DEPARTAMENTOS (ID,ID_DEVELOPER,ID_DEPARTAMENTO) values (159,56,10);
Insert into USERDB.DEVELOPER_DEPARTAMENTOS (ID,ID_DEVELOPER,ID_DEPARTAMENTO) values (160,56,5);
Insert into USERDB.DEVELOPER_DEPARTAMENTOS (ID,ID_DEVELOPER,ID_DEPARTAMENTO) values (161,56,3);
Insert into USERDB.DEVELOPER_DEPARTAMENTOS (ID,ID_DEVELOPER,ID_DEPARTAMENTO) values (162,58,7);
Insert into USERDB.DEVELOPER_DEPARTAMENTOS (ID,ID_DEVELOPER,ID_DEPARTAMENTO) values (163,58,5);
Insert into USERDB.DEVELOPER_DEPARTAMENTOS (ID,ID_DEVELOPER,ID_DEPARTAMENTO) values (164,58,9);
Insert into USERDB.DEVELOPER_DEPARTAMENTOS (ID,ID_DEVELOPER,ID_DEPARTAMENTO) values (165,58,4);
Insert into USERDB.DEVELOPER_DEPARTAMENTOS (ID,ID_DEVELOPER,ID_DEPARTAMENTO) values (166,58,10);
Insert into USERDB.DEVELOPER_DEPARTAMENTOS (ID,ID_DEVELOPER,ID_DEPARTAMENTO) values (167,58,1);
Insert into USERDB.DEVELOPER_DEPARTAMENTOS (ID,ID_DEVELOPER,ID_DEPARTAMENTO) values (168,58,2);
Insert into USERDB.DEVELOPER_DEPARTAMENTOS (ID,ID_DEVELOPER,ID_DEPARTAMENTO) values (169,58,3);
Insert into USERDB.DEVELOPER_DEPARTAMENTOS (ID,ID_DEVELOPER,ID_DEPARTAMENTO) values (170,58,6);
Insert into USERDB.DEVELOPER_DEPARTAMENTOS (ID,ID_DEVELOPER,ID_DEPARTAMENTO) values (171,60,7);
Insert into USERDB.DEVELOPER_DEPARTAMENTOS (ID,ID_DEVELOPER,ID_DEPARTAMENTO) values (172,60,1);
Insert into USERDB.DEVELOPER_DEPARTAMENTOS (ID,ID_DEVELOPER,ID_DEPARTAMENTO) values (173,62,1);
Insert into USERDB.DEVELOPER_DEPARTAMENTOS (ID,ID_DEVELOPER,ID_DEPARTAMENTO) values (174,62,4);
Insert into USERDB.DEVELOPER_DEPARTAMENTOS (ID,ID_DEVELOPER,ID_DEPARTAMENTO) values (175,62,6);
Insert into USERDB.DEVELOPER_DEPARTAMENTOS (ID,ID_DEVELOPER,ID_DEPARTAMENTO) values (176,62,9);
Insert into USERDB.DEVELOPER_DEPARTAMENTOS (ID,ID_DEVELOPER,ID_DEPARTAMENTO) values (177,62,5);
Insert into USERDB.DEVELOPER_DEPARTAMENTOS (ID,ID_DEVELOPER,ID_DEPARTAMENTO) values (178,62,2);
Insert into USERDB.DEVELOPER_DEPARTAMENTOS (ID,ID_DEVELOPER,ID_DEPARTAMENTO) values (179,62,10);
Insert into USERDB.DEVELOPER_DEPARTAMENTOS (ID,ID_DEVELOPER,ID_DEPARTAMENTO) values (180,62,8);
Insert into USERDB.DEVELOPER_DEPARTAMENTOS (ID,ID_DEVELOPER,ID_DEPARTAMENTO) values (181,62,3);
Insert into USERDB.DEVELOPER_DEPARTAMENTOS (ID,ID_DEVELOPER,ID_DEPARTAMENTO) values (182,64,8);
Insert into USERDB.DEVELOPER_DEPARTAMENTOS (ID,ID_DEVELOPER,ID_DEPARTAMENTO) values (183,64,2);
Insert into USERDB.DEVELOPER_DEPARTAMENTOS (ID,ID_DEVELOPER,ID_DEPARTAMENTO) values (184,66,5);
Insert into USERDB.DEVELOPER_DEPARTAMENTOS (ID,ID_DEVELOPER,ID_DEPARTAMENTO) values (185,66,3);
Insert into USERDB.DEVELOPER_DEPARTAMENTOS (ID,ID_DEVELOPER,ID_DEPARTAMENTO) values (186,66,7);
Insert into USERDB.DEVELOPER_DEPARTAMENTOS (ID,ID_DEVELOPER,ID_DEPARTAMENTO) values (187,66,10);
Insert into USERDB.DEVELOPER_DEPARTAMENTOS (ID,ID_DEVELOPER,ID_DEPARTAMENTO) values (188,66,8);
Insert into USERDB.DEVELOPER_DEPARTAMENTOS (ID,ID_DEVELOPER,ID_DEPARTAMENTO) values (189,66,9);
Insert into USERDB.DEVELOPER_DEPARTAMENTOS (ID,ID_DEVELOPER,ID_DEPARTAMENTO) values (190,68,1);
Insert into USERDB.DEVELOPER_DEPARTAMENTOS (ID,ID_DEVELOPER,ID_DEPARTAMENTO) values (191,68,7);
Insert into USERDB.DEVELOPER_DEPARTAMENTOS (ID,ID_DEVELOPER,ID_DEPARTAMENTO) values (192,68,4);
Insert into USERDB.DEVELOPER_DEPARTAMENTOS (ID,ID_DEVELOPER,ID_DEPARTAMENTO) values (193,70,8);
Insert into USERDB.DEVELOPER_DEPARTAMENTOS (ID,ID_DEVELOPER,ID_DEPARTAMENTO) values (194,70,6);
Insert into USERDB.DEVELOPER_DEPARTAMENTOS (ID,ID_DEVELOPER,ID_DEPARTAMENTO) values (195,70,9);
Insert into USERDB.DEVELOPER_DEPARTAMENTOS (ID,ID_DEVELOPER,ID_DEPARTAMENTO) values (196,70,4);
Insert into USERDB.DEVELOPER_DEPARTAMENTOS (ID,ID_DEVELOPER,ID_DEPARTAMENTO) values (197,70,5);
Insert into USERDB.DEVELOPER_DEPARTAMENTOS (ID,ID_DEVELOPER,ID_DEPARTAMENTO) values (198,70,7);
Insert into USERDB.DEVELOPER_DEPARTAMENTOS (ID,ID_DEVELOPER,ID_DEPARTAMENTO) values (199,72,3);
Insert into USERDB.DEVELOPER_DEPARTAMENTOS (ID,ID_DEVELOPER,ID_DEPARTAMENTO) values (200,72,1);
Insert into USERDB.DEVELOPER_DEPARTAMENTOS (ID,ID_DEVELOPER,ID_DEPARTAMENTO) values (201,72,4);
Insert into USERDB.DEVELOPER_DEPARTAMENTOS (ID,ID_DEVELOPER,ID_DEPARTAMENTO) values (202,72,7);
Insert into USERDB.DEVELOPER_DEPARTAMENTOS (ID,ID_DEVELOPER,ID_DEPARTAMENTO) values (203,72,10);
Insert into USERDB.DEVELOPER_DEPARTAMENTOS (ID,ID_DEVELOPER,ID_DEPARTAMENTO) values (204,72,6);
Insert into USERDB.DEVELOPER_DEPARTAMENTOS (ID,ID_DEVELOPER,ID_DEPARTAMENTO) values (205,72,2);
Insert into USERDB.DEVELOPER_DEPARTAMENTOS (ID,ID_DEVELOPER,ID_DEPARTAMENTO) values (206,72,5);
Insert into USERDB.DEVELOPER_DEPARTAMENTOS (ID,ID_DEVELOPER,ID_DEPARTAMENTO) values (207,72,9);
Insert into USERDB.DEVELOPER_DEPARTAMENTOS (ID,ID_DEVELOPER,ID_DEPARTAMENTO) values (208,74,4);
Insert into USERDB.DEVELOPER_DEPARTAMENTOS (ID,ID_DEVELOPER,ID_DEPARTAMENTO) values (209,74,7);
Insert into USERDB.DEVELOPER_DEPARTAMENTOS (ID,ID_DEVELOPER,ID_DEPARTAMENTO) values (210,74,8);
Insert into USERDB.DEVELOPER_DEPARTAMENTOS (ID,ID_DEVELOPER,ID_DEPARTAMENTO) values (211,74,9);
Insert into USERDB.DEVELOPER_DEPARTAMENTOS (ID,ID_DEVELOPER,ID_DEPARTAMENTO) values (212,74,10);
Insert into USERDB.DEVELOPER_DEPARTAMENTOS (ID,ID_DEVELOPER,ID_DEPARTAMENTO) values (213,74,5);
Insert into USERDB.DEVELOPER_DEPARTAMENTOS (ID,ID_DEVELOPER,ID_DEPARTAMENTO) values (214,74,6);
Insert into USERDB.DEVELOPER_DEPARTAMENTOS (ID,ID_DEVELOPER,ID_DEPARTAMENTO) values (215,74,2);
Insert into USERDB.DEVELOPER_DEPARTAMENTOS (ID,ID_DEVELOPER,ID_DEPARTAMENTO) values (216,76,2);
Insert into USERDB.DEVELOPER_DEPARTAMENTOS (ID,ID_DEVELOPER,ID_DEPARTAMENTO) values (217,76,3);
Insert into USERDB.DEVELOPER_DEPARTAMENTOS (ID,ID_DEVELOPER,ID_DEPARTAMENTO) values (218,76,5);
Insert into USERDB.DEVELOPER_DEPARTAMENTOS (ID,ID_DEVELOPER,ID_DEPARTAMENTO) values (219,76,7);
Insert into USERDB.DEVELOPER_DEPARTAMENTOS (ID,ID_DEVELOPER,ID_DEPARTAMENTO) values (220,76,9);
Insert into USERDB.DEVELOPER_DEPARTAMENTOS (ID,ID_DEVELOPER,ID_DEPARTAMENTO) values (221,76,8);
Insert into USERDB.DEVELOPER_DEPARTAMENTOS (ID,ID_DEVELOPER,ID_DEPARTAMENTO) values (222,76,4);
Insert into USERDB.DEVELOPER_DEPARTAMENTOS (ID,ID_DEVELOPER,ID_DEPARTAMENTO) values (223,76,1);
Insert into USERDB.DEVELOPER_DEPARTAMENTOS (ID,ID_DEVELOPER,ID_DEPARTAMENTO) values (224,78,9);
Insert into USERDB.DEVELOPER_DEPARTAMENTOS (ID,ID_DEVELOPER,ID_DEPARTAMENTO) values (225,78,1);
Insert into USERDB.DEVELOPER_DEPARTAMENTOS (ID,ID_DEVELOPER,ID_DEPARTAMENTO) values (226,80,6);
Insert into USERDB.DEVELOPER_DEPARTAMENTOS (ID,ID_DEVELOPER,ID_DEPARTAMENTO) values (227,80,5);
Insert into USERDB.DEVELOPER_DEPARTAMENTOS (ID,ID_DEVELOPER,ID_DEPARTAMENTO) values (228,80,10);
Insert into USERDB.DEVELOPER_DEPARTAMENTOS (ID,ID_DEVELOPER,ID_DEPARTAMENTO) values (229,80,9);
Insert into USERDB.DEVELOPER_DEPARTAMENTOS (ID,ID_DEVELOPER,ID_DEPARTAMENTO) values (230,80,7);
Insert into USERDB.DEVELOPER_DEPARTAMENTOS (ID,ID_DEVELOPER,ID_DEPARTAMENTO) values (231,80,4);
Insert into USERDB.DEVELOPER_DEPARTAMENTOS (ID,ID_DEVELOPER,ID_DEPARTAMENTO) values (232,80,8);
Insert into USERDB.DEVELOPER_DEPARTAMENTOS (ID,ID_DEVELOPER,ID_DEPARTAMENTO) values (233,80,3);
Insert into USERDB.DEVELOPER_DEPARTAMENTOS (ID,ID_DEVELOPER,ID_DEPARTAMENTO) values (234,80,2);
Insert into USERDB.DEVELOPER_DEPARTAMENTOS (ID,ID_DEVELOPER,ID_DEPARTAMENTO) values (235,82,4);
Insert into USERDB.DEVELOPER_DEPARTAMENTOS (ID,ID_DEVELOPER,ID_DEPARTAMENTO) values (236,82,1);
Insert into USERDB.DEVELOPER_DEPARTAMENTOS (ID,ID_DEVELOPER,ID_DEPARTAMENTO) values (237,82,10);
Insert into USERDB.DEVELOPER_DEPARTAMENTOS (ID,ID_DEVELOPER,ID_DEPARTAMENTO) values (238,82,2);
Insert into USERDB.DEVELOPER_DEPARTAMENTOS (ID,ID_DEVELOPER,ID_DEPARTAMENTO) values (239,82,7);
Insert into USERDB.DEVELOPER_DEPARTAMENTOS (ID,ID_DEVELOPER,ID_DEPARTAMENTO) values (240,84,6);
Insert into USERDB.DEVELOPER_DEPARTAMENTOS (ID,ID_DEVELOPER,ID_DEPARTAMENTO) values (241,84,2);
Insert into USERDB.DEVELOPER_DEPARTAMENTOS (ID,ID_DEVELOPER,ID_DEPARTAMENTO) values (242,84,10);
Insert into USERDB.DEVELOPER_DEPARTAMENTOS (ID,ID_DEVELOPER,ID_DEPARTAMENTO) values (243,84,3);
Insert into USERDB.DEVELOPER_DEPARTAMENTOS (ID,ID_DEVELOPER,ID_DEPARTAMENTO) values (244,84,8);
Insert into USERDB.DEVELOPER_DEPARTAMENTOS (ID,ID_DEVELOPER,ID_DEPARTAMENTO) values (245,84,5);
Insert into USERDB.DEVELOPER_DEPARTAMENTOS (ID,ID_DEVELOPER,ID_DEPARTAMENTO) values (246,84,1);
Insert into USERDB.DEVELOPER_DEPARTAMENTOS (ID,ID_DEVELOPER,ID_DEPARTAMENTO) values (247,86,3);
Insert into USERDB.DEVELOPER_DEPARTAMENTOS (ID,ID_DEVELOPER,ID_DEPARTAMENTO) values (248,86,5);
Insert into USERDB.DEVELOPER_DEPARTAMENTOS (ID,ID_DEVELOPER,ID_DEPARTAMENTO) values (249,86,6);
Insert into USERDB.DEVELOPER_DEPARTAMENTOS (ID,ID_DEVELOPER,ID_DEPARTAMENTO) values (250,86,9);
Insert into USERDB.DEVELOPER_DEPARTAMENTOS (ID,ID_DEVELOPER,ID_DEPARTAMENTO) values (251,86,8);
Insert into USERDB.DEVELOPER_DEPARTAMENTOS (ID,ID_DEVELOPER,ID_DEPARTAMENTO) values (252,86,4);
Insert into USERDB.DEVELOPER_DEPARTAMENTOS (ID,ID_DEVELOPER,ID_DEPARTAMENTO) values (253,86,1);
Insert into USERDB.DEVELOPER_DEPARTAMENTOS (ID,ID_DEVELOPER,ID_DEPARTAMENTO) values (254,86,10);
Insert into USERDB.DEVELOPER_DEPARTAMENTOS (ID,ID_DEVELOPER,ID_DEPARTAMENTO) values (255,86,2);
Insert into USERDB.DEVELOPER_DEPARTAMENTOS (ID,ID_DEVELOPER,ID_DEPARTAMENTO) values (256,88,6);
Insert into USERDB.DEVELOPER_DEPARTAMENTOS (ID,ID_DEVELOPER,ID_DEPARTAMENTO) values (257,88,8);
Insert into USERDB.DEVELOPER_DEPARTAMENTOS (ID,ID_DEVELOPER,ID_DEPARTAMENTO) values (258,88,1);
Insert into USERDB.DEVELOPER_DEPARTAMENTOS (ID,ID_DEVELOPER,ID_DEPARTAMENTO) values (259,88,2);
Insert into USERDB.DEVELOPER_DEPARTAMENTOS (ID,ID_DEVELOPER,ID_DEPARTAMENTO) values (260,88,10);
Insert into USERDB.DEVELOPER_DEPARTAMENTOS (ID,ID_DEVELOPER,ID_DEPARTAMENTO) values (261,88,5);
Insert into USERDB.DEVELOPER_DEPARTAMENTOS (ID,ID_DEVELOPER,ID_DEPARTAMENTO) values (262,88,4);
Insert into USERDB.DEVELOPER_DEPARTAMENTOS (ID,ID_DEVELOPER,ID_DEPARTAMENTO) values (263,88,9);
Insert into USERDB.DEVELOPER_DEPARTAMENTOS (ID,ID_DEVELOPER,ID_DEPARTAMENTO) values (264,88,3);
Insert into USERDB.DEVELOPER_DEPARTAMENTOS (ID,ID_DEVELOPER,ID_DEPARTAMENTO) values (265,88,7);
Insert into USERDB.DEVELOPER_DEPARTAMENTOS (ID,ID_DEVELOPER,ID_DEPARTAMENTO) values (266,90,8);
Insert into USERDB.DEVELOPER_DEPARTAMENTOS (ID,ID_DEVELOPER,ID_DEPARTAMENTO) values (267,90,3);
Insert into USERDB.DEVELOPER_DEPARTAMENTOS (ID,ID_DEVELOPER,ID_DEPARTAMENTO) values (268,90,10);
Insert into USERDB.DEVELOPER_DEPARTAMENTOS (ID,ID_DEVELOPER,ID_DEPARTAMENTO) values (269,90,4);
Insert into USERDB.DEVELOPER_DEPARTAMENTOS (ID,ID_DEVELOPER,ID_DEPARTAMENTO) values (270,90,7);
Insert into USERDB.DEVELOPER_DEPARTAMENTOS (ID,ID_DEVELOPER,ID_DEPARTAMENTO) values (271,92,5);
Insert into USERDB.DEVELOPER_DEPARTAMENTOS (ID,ID_DEVELOPER,ID_DEPARTAMENTO) values (272,92,6);
Insert into USERDB.DEVELOPER_DEPARTAMENTOS (ID,ID_DEVELOPER,ID_DEPARTAMENTO) values (273,92,4);
Insert into USERDB.DEVELOPER_DEPARTAMENTOS (ID,ID_DEVELOPER,ID_DEPARTAMENTO) values (274,92,10);
Insert into USERDB.DEVELOPER_DEPARTAMENTOS (ID,ID_DEVELOPER,ID_DEPARTAMENTO) values (275,92,1);
Insert into USERDB.DEVELOPER_DEPARTAMENTOS (ID,ID_DEVELOPER,ID_DEPARTAMENTO) values (276,92,7);
Insert into USERDB.DEVELOPER_DEPARTAMENTOS (ID,ID_DEVELOPER,ID_DEPARTAMENTO) values (277,92,3);
Insert into USERDB.DEVELOPER_DEPARTAMENTOS (ID,ID_DEVELOPER,ID_DEPARTAMENTO) values (278,94,10);
Insert into USERDB.DEVELOPER_DEPARTAMENTOS (ID,ID_DEVELOPER,ID_DEPARTAMENTO) values (279,94,1);
Insert into USERDB.DEVELOPER_DEPARTAMENTOS (ID,ID_DEVELOPER,ID_DEPARTAMENTO) values (280,94,3);
Insert into USERDB.DEVELOPER_DEPARTAMENTOS (ID,ID_DEVELOPER,ID_DEPARTAMENTO) values (281,94,8);
Insert into USERDB.DEVELOPER_DEPARTAMENTOS (ID,ID_DEVELOPER,ID_DEPARTAMENTO) values (282,96,2);
Insert into USERDB.DEVELOPER_DEPARTAMENTOS (ID,ID_DEVELOPER,ID_DEPARTAMENTO) values (283,96,10);
Insert into USERDB.DEVELOPER_DEPARTAMENTOS (ID,ID_DEVELOPER,ID_DEPARTAMENTO) values (284,96,6);
Insert into USERDB.DEVELOPER_DEPARTAMENTOS (ID,ID_DEVELOPER,ID_DEPARTAMENTO) values (285,98,4);
Insert into USERDB.DEVELOPER_DEPARTAMENTOS (ID,ID_DEVELOPER,ID_DEPARTAMENTO) values (286,98,10);
Insert into USERDB.DEVELOPER_DEPARTAMENTOS (ID,ID_DEVELOPER,ID_DEPARTAMENTO) values (287,100,2);
Insert into USERDB.DEVELOPER_DEPARTAMENTOS (ID,ID_DEVELOPER,ID_DEPARTAMENTO) values (288,102,1);
Insert into USERDB.DEVELOPER_DEPARTAMENTOS (ID,ID_DEVELOPER,ID_DEPARTAMENTO) values (289,102,9);
Insert into USERDB.DEVELOPER_DEPARTAMENTOS (ID,ID_DEVELOPER,ID_DEPARTAMENTO) values (290,102,2);
Insert into USERDB.DEVELOPER_DEPARTAMENTOS (ID,ID_DEVELOPER,ID_DEPARTAMENTO) values (291,102,5);
Insert into USERDB.DEVELOPER_DEPARTAMENTOS (ID,ID_DEVELOPER,ID_DEPARTAMENTO) values (292,102,4);
Insert into USERDB.DEVELOPER_DEPARTAMENTOS (ID,ID_DEVELOPER,ID_DEPARTAMENTO) values (293,102,6);
Insert into USERDB.DEVELOPER_DEPARTAMENTOS (ID,ID_DEVELOPER,ID_DEPARTAMENTO) values (294,102,8);
Insert into USERDB.DEVELOPER_DEPARTAMENTOS (ID,ID_DEVELOPER,ID_DEPARTAMENTO) values (295,102,10);
Insert into USERDB.DEVELOPER_DEPARTAMENTOS (ID,ID_DEVELOPER,ID_DEPARTAMENTO) values (296,102,3);
Insert into USERDB.DEVELOPER_DEPARTAMENTOS (ID,ID_DEVELOPER,ID_DEPARTAMENTO) values (297,104,7);
Insert into USERDB.DEVELOPER_DEPARTAMENTOS (ID,ID_DEVELOPER,ID_DEPARTAMENTO) values (298,104,8);
Insert into USERDB.DEVELOPER_DEPARTAMENTOS (ID,ID_DEVELOPER,ID_DEPARTAMENTO) values (299,104,2);
Insert into USERDB.DEVELOPER_DEPARTAMENTOS (ID,ID_DEVELOPER,ID_DEPARTAMENTO) values (300,104,10);
Insert into USERDB.DEVELOPER_DEPARTAMENTOS (ID,ID_DEVELOPER,ID_DEPARTAMENTO) values (301,104,9);
Insert into USERDB.DEVELOPER_DEPARTAMENTOS (ID,ID_DEVELOPER,ID_DEPARTAMENTO) values (302,104,6);
Insert into USERDB.DEVELOPER_DEPARTAMENTOS (ID,ID_DEVELOPER,ID_DEPARTAMENTO) values (303,104,4);
Insert into USERDB.DEVELOPER_DEPARTAMENTOS (ID,ID_DEVELOPER,ID_DEPARTAMENTO) values (304,104,3);
Insert into USERDB.DEVELOPER_DEPARTAMENTOS (ID,ID_DEVELOPER,ID_DEPARTAMENTO) values (305,106,7);
Insert into USERDB.DEVELOPER_DEPARTAMENTOS (ID,ID_DEVELOPER,ID_DEPARTAMENTO) values (306,108,1);
Insert into USERDB.DEVELOPER_DEPARTAMENTOS (ID,ID_DEVELOPER,ID_DEPARTAMENTO) values (307,108,8);
Insert into USERDB.DEVELOPER_DEPARTAMENTOS (ID,ID_DEVELOPER,ID_DEPARTAMENTO) values (308,108,2);
Insert into USERDB.DEVELOPER_DEPARTAMENTOS (ID,ID_DEVELOPER,ID_DEPARTAMENTO) values (309,108,3);
Insert into USERDB.DEVELOPER_DEPARTAMENTOS (ID,ID_DEVELOPER,ID_DEPARTAMENTO) values (310,108,6);
Insert into USERDB.DEVELOPER_DEPARTAMENTOS (ID,ID_DEVELOPER,ID_DEPARTAMENTO) values (311,110,6);
Insert into USERDB.DEVELOPER_DEPARTAMENTOS (ID,ID_DEVELOPER,ID_DEPARTAMENTO) values (312,110,5);
Insert into USERDB.DEVELOPER_DEPARTAMENTOS (ID,ID_DEVELOPER,ID_DEPARTAMENTO) values (313,110,8);
Insert into USERDB.DEVELOPER_DEPARTAMENTOS (ID,ID_DEVELOPER,ID_DEPARTAMENTO) values (314,110,3);
Insert into USERDB.DEVELOPER_DEPARTAMENTOS (ID,ID_DEVELOPER,ID_DEPARTAMENTO) values (315,110,4);
Insert into USERDB.DEVELOPER_DEPARTAMENTOS (ID,ID_DEVELOPER,ID_DEPARTAMENTO) values (316,112,5);
Insert into USERDB.DEVELOPER_DEPARTAMENTOS (ID,ID_DEVELOPER,ID_DEPARTAMENTO) values (317,112,2);
Insert into USERDB.DEVELOPER_DEPARTAMENTOS (ID,ID_DEVELOPER,ID_DEPARTAMENTO) values (318,112,3);
Insert into USERDB.DEVELOPER_DEPARTAMENTOS (ID,ID_DEVELOPER,ID_DEPARTAMENTO) values (319,112,9);
Insert into USERDB.DEVELOPER_DEPARTAMENTOS (ID,ID_DEVELOPER,ID_DEPARTAMENTO) values (320,112,8);
Insert into USERDB.DEVELOPER_DEPARTAMENTOS (ID,ID_DEVELOPER,ID_DEPARTAMENTO) values (321,112,10);
Insert into USERDB.DEVELOPER_DEPARTAMENTOS (ID,ID_DEVELOPER,ID_DEPARTAMENTO) values (322,114,5);
Insert into USERDB.DEVELOPER_DEPARTAMENTOS (ID,ID_DEVELOPER,ID_DEPARTAMENTO) values (323,114,10);
Insert into USERDB.DEVELOPER_DEPARTAMENTOS (ID,ID_DEVELOPER,ID_DEPARTAMENTO) values (324,114,2);
Insert into USERDB.DEVELOPER_DEPARTAMENTOS (ID,ID_DEVELOPER,ID_DEPARTAMENTO) values (325,116,8);
Insert into USERDB.DEVELOPER_DEPARTAMENTOS (ID,ID_DEVELOPER,ID_DEPARTAMENTO) values (326,116,4);
Insert into USERDB.DEVELOPER_DEPARTAMENTOS (ID,ID_DEVELOPER,ID_DEPARTAMENTO) values (327,116,9);
Insert into USERDB.DEVELOPER_DEPARTAMENTOS (ID,ID_DEVELOPER,ID_DEPARTAMENTO) values (328,116,10);
Insert into USERDB.DEVELOPER_DEPARTAMENTOS (ID,ID_DEVELOPER,ID_DEPARTAMENTO) values (329,116,3);
Insert into USERDB.DEVELOPER_DEPARTAMENTOS (ID,ID_DEVELOPER,ID_DEPARTAMENTO) values (330,116,2);
Insert into USERDB.DEVELOPER_DEPARTAMENTOS (ID,ID_DEVELOPER,ID_DEPARTAMENTO) values (331,116,5);
Insert into USERDB.DEVELOPER_DEPARTAMENTOS (ID,ID_DEVELOPER,ID_DEPARTAMENTO) values (332,116,1);
Insert into USERDB.DEVELOPER_DEPARTAMENTOS (ID,ID_DEVELOPER,ID_DEPARTAMENTO) values (333,116,7);
Insert into USERDB.DEVELOPER_DEPARTAMENTOS (ID,ID_DEVELOPER,ID_DEPARTAMENTO) values (334,118,7);
Insert into USERDB.DEVELOPER_DEPARTAMENTOS (ID,ID_DEVELOPER,ID_DEPARTAMENTO) values (335,118,5);
Insert into USERDB.DEVELOPER_DEPARTAMENTOS (ID,ID_DEVELOPER,ID_DEPARTAMENTO) values (336,118,6);
Insert into USERDB.DEVELOPER_DEPARTAMENTOS (ID,ID_DEVELOPER,ID_DEPARTAMENTO) values (337,120,3);
Insert into USERDB.DEVELOPER_DEPARTAMENTOS (ID,ID_DEVELOPER,ID_DEPARTAMENTO) values (338,120,8);
Insert into USERDB.DEVELOPER_DEPARTAMENTOS (ID,ID_DEVELOPER,ID_DEPARTAMENTO) values (339,120,7);
Insert into USERDB.DEVELOPER_DEPARTAMENTOS (ID,ID_DEVELOPER,ID_DEPARTAMENTO) values (340,120,4);
Insert into USERDB.DEVELOPER_DEPARTAMENTOS (ID,ID_DEVELOPER,ID_DEPARTAMENTO) values (341,120,10);
Insert into USERDB.DEVELOPER_DEPARTAMENTOS (ID,ID_DEVELOPER,ID_DEPARTAMENTO) values (342,120,2);
Insert into USERDB.DEVELOPER_DEPARTAMENTOS (ID,ID_DEVELOPER,ID_DEPARTAMENTO) values (343,122,10);
Insert into USERDB.DEVELOPER_DEPARTAMENTOS (ID,ID_DEVELOPER,ID_DEPARTAMENTO) values (344,122,5);
Insert into USERDB.DEVELOPER_DEPARTAMENTOS (ID,ID_DEVELOPER,ID_DEPARTAMENTO) values (345,122,9);
Insert into USERDB.DEVELOPER_DEPARTAMENTOS (ID,ID_DEVELOPER,ID_DEPARTAMENTO) values (346,122,6);
Insert into USERDB.DEVELOPER_DEPARTAMENTOS (ID,ID_DEVELOPER,ID_DEPARTAMENTO) values (347,122,4);
Insert into USERDB.DEVELOPER_DEPARTAMENTOS (ID,ID_DEVELOPER,ID_DEPARTAMENTO) values (348,122,2);
Insert into USERDB.DEVELOPER_DEPARTAMENTOS (ID,ID_DEVELOPER,ID_DEPARTAMENTO) values (349,122,8);
Insert into USERDB.DEVELOPER_DEPARTAMENTOS (ID,ID_DEVELOPER,ID_DEPARTAMENTO) values (350,122,3);
Insert into USERDB.DEVELOPER_DEPARTAMENTOS (ID,ID_DEVELOPER,ID_DEPARTAMENTO) values (351,122,1);
Insert into USERDB.DEVELOPER_DEPARTAMENTOS (ID,ID_DEVELOPER,ID_DEPARTAMENTO) values (352,122,7);
Insert into USERDB.DEVELOPER_DEPARTAMENTOS (ID,ID_DEVELOPER,ID_DEPARTAMENTO) values (353,124,10);
Insert into USERDB.DEVELOPER_DEPARTAMENTOS (ID,ID_DEVELOPER,ID_DEPARTAMENTO) values (354,124,6);
Insert into USERDB.DEVELOPER_DEPARTAMENTOS (ID,ID_DEVELOPER,ID_DEPARTAMENTO) values (355,124,7);
Insert into USERDB.DEVELOPER_DEPARTAMENTOS (ID,ID_DEVELOPER,ID_DEPARTAMENTO) values (356,124,9);
Insert into USERDB.DEVELOPER_DEPARTAMENTOS (ID,ID_DEVELOPER,ID_DEPARTAMENTO) values (357,124,4);
Insert into USERDB.DEVELOPER_DEPARTAMENTOS (ID,ID_DEVELOPER,ID_DEPARTAMENTO) values (358,124,2);
Insert into USERDB.DEVELOPER_DEPARTAMENTOS (ID,ID_DEVELOPER,ID_DEPARTAMENTO) values (359,124,1);
Insert into USERDB.DEVELOPER_DEPARTAMENTOS (ID,ID_DEVELOPER,ID_DEPARTAMENTO) values (360,124,5);
Insert into USERDB.DEVELOPER_DEPARTAMENTOS (ID,ID_DEVELOPER,ID_DEPARTAMENTO) values (361,126,10);
Insert into USERDB.DEVELOPER_DEPARTAMENTOS (ID,ID_DEVELOPER,ID_DEPARTAMENTO) values (362,128,8);
Insert into USERDB.DEVELOPER_DEPARTAMENTOS (ID,ID_DEVELOPER,ID_DEPARTAMENTO) values (363,130,4);
Insert into USERDB.DEVELOPER_DEPARTAMENTOS (ID,ID_DEVELOPER,ID_DEPARTAMENTO) values (364,130,3);
Insert into USERDB.DEVELOPER_DEPARTAMENTOS (ID,ID_DEVELOPER,ID_DEPARTAMENTO) values (365,130,10);
Insert into USERDB.DEVELOPER_DEPARTAMENTOS (ID,ID_DEVELOPER,ID_DEPARTAMENTO) values (366,130,1);
Insert into USERDB.DEVELOPER_DEPARTAMENTOS (ID,ID_DEVELOPER,ID_DEPARTAMENTO) values (367,130,8);
Insert into USERDB.DEVELOPER_DEPARTAMENTOS (ID,ID_DEVELOPER,ID_DEPARTAMENTO) values (368,130,9);
Insert into USERDB.DEVELOPER_DEPARTAMENTOS (ID,ID_DEVELOPER,ID_DEPARTAMENTO) values (369,130,6);
Insert into USERDB.DEVELOPER_DEPARTAMENTOS (ID,ID_DEVELOPER,ID_DEPARTAMENTO) values (370,130,7);
Insert into USERDB.DEVELOPER_DEPARTAMENTOS (ID,ID_DEVELOPER,ID_DEPARTAMENTO) values (371,130,5);
Insert into USERDB.DEVELOPER_DEPARTAMENTOS (ID,ID_DEVELOPER,ID_DEPARTAMENTO) values (372,130,2);
Insert into USERDB.DEVELOPER_DEPARTAMENTOS (ID,ID_DEVELOPER,ID_DEPARTAMENTO) values (373,132,1);
Insert into USERDB.DEVELOPER_DEPARTAMENTOS (ID,ID_DEVELOPER,ID_DEPARTAMENTO) values (374,132,7);
Insert into USERDB.DEVELOPER_DEPARTAMENTOS (ID,ID_DEVELOPER,ID_DEPARTAMENTO) values (375,132,3);
Insert into USERDB.DEVELOPER_DEPARTAMENTOS (ID,ID_DEVELOPER,ID_DEPARTAMENTO) values (376,132,4);
Insert into USERDB.DEVELOPER_DEPARTAMENTOS (ID,ID_DEVELOPER,ID_DEPARTAMENTO) values (377,134,3);
Insert into USERDB.DEVELOPER_DEPARTAMENTOS (ID,ID_DEVELOPER,ID_DEPARTAMENTO) values (378,134,4);
Insert into USERDB.DEVELOPER_DEPARTAMENTOS (ID,ID_DEVELOPER,ID_DEPARTAMENTO) values (379,134,9);
Insert into USERDB.DEVELOPER_DEPARTAMENTOS (ID,ID_DEVELOPER,ID_DEPARTAMENTO) values (380,134,8);
Insert into USERDB.DEVELOPER_DEPARTAMENTOS (ID,ID_DEVELOPER,ID_DEPARTAMENTO) values (381,134,10);
Insert into USERDB.DEVELOPER_DEPARTAMENTOS (ID,ID_DEVELOPER,ID_DEPARTAMENTO) values (382,134,7);
Insert into USERDB.DEVELOPER_DEPARTAMENTOS (ID,ID_DEVELOPER,ID_DEPARTAMENTO) values (383,134,6);
Insert into USERDB.DEVELOPER_DEPARTAMENTOS (ID,ID_DEVELOPER,ID_DEPARTAMENTO) values (384,134,1);
Insert into USERDB.DEVELOPER_DEPARTAMENTOS (ID,ID_DEVELOPER,ID_DEPARTAMENTO) values (385,134,2);
Insert into USERDB.DEVELOPER_DEPARTAMENTOS (ID,ID_DEVELOPER,ID_DEPARTAMENTO) values (386,136,7);
Insert into USERDB.DEVELOPER_DEPARTAMENTOS (ID,ID_DEVELOPER,ID_DEPARTAMENTO) values (387,136,8);
Insert into USERDB.DEVELOPER_DEPARTAMENTOS (ID,ID_DEVELOPER,ID_DEPARTAMENTO) values (388,136,5);
Insert into USERDB.DEVELOPER_DEPARTAMENTOS (ID,ID_DEVELOPER,ID_DEPARTAMENTO) values (389,136,1);
Insert into USERDB.DEVELOPER_DEPARTAMENTOS (ID,ID_DEVELOPER,ID_DEPARTAMENTO) values (390,136,9);
Insert into USERDB.DEVELOPER_DEPARTAMENTOS (ID,ID_DEVELOPER,ID_DEPARTAMENTO) values (391,136,6);
Insert into USERDB.DEVELOPER_DEPARTAMENTOS (ID,ID_DEVELOPER,ID_DEPARTAMENTO) values (392,136,3);
Insert into USERDB.DEVELOPER_DEPARTAMENTOS (ID,ID_DEVELOPER,ID_DEPARTAMENTO) values (393,136,10);
Insert into USERDB.DEVELOPER_DEPARTAMENTOS (ID,ID_DEVELOPER,ID_DEPARTAMENTO) values (394,138,1);
Insert into USERDB.DEVELOPER_DEPARTAMENTOS (ID,ID_DEVELOPER,ID_DEPARTAMENTO) values (395,140,8);
Insert into USERDB.DEVELOPER_DEPARTAMENTOS (ID,ID_DEVELOPER,ID_DEPARTAMENTO) values (396,140,7);
Insert into USERDB.DEVELOPER_DEPARTAMENTOS (ID,ID_DEVELOPER,ID_DEPARTAMENTO) values (397,140,4);
Insert into USERDB.DEVELOPER_DEPARTAMENTOS (ID,ID_DEVELOPER,ID_DEPARTAMENTO) values (398,140,10);
Insert into USERDB.DEVELOPER_DEPARTAMENTOS (ID,ID_DEVELOPER,ID_DEPARTAMENTO) values (399,140,2);
Insert into USERDB.DEVELOPER_DEPARTAMENTOS (ID,ID_DEVELOPER,ID_DEPARTAMENTO) values (400,140,6);
Insert into USERDB.DEVELOPER_DEPARTAMENTOS (ID,ID_DEVELOPER,ID_DEPARTAMENTO) values (401,140,9);
Insert into USERDB.DEVELOPER_DEPARTAMENTOS (ID,ID_DEVELOPER,ID_DEPARTAMENTO) values (402,140,3);
Insert into USERDB.DEVELOPER_DEPARTAMENTOS (ID,ID_DEVELOPER,ID_DEPARTAMENTO) values (403,140,1);
Insert into USERDB.DEVELOPER_DEPARTAMENTOS (ID,ID_DEVELOPER,ID_DEPARTAMENTO) values (404,140,5);
Insert into USERDB.DEVELOPER_DEPARTAMENTOS (ID,ID_DEVELOPER,ID_DEPARTAMENTO) values (405,142,3);
Insert into USERDB.DEVELOPER_DEPARTAMENTOS (ID,ID_DEVELOPER,ID_DEPARTAMENTO) values (406,142,1);
Insert into USERDB.DEVELOPER_DEPARTAMENTOS (ID,ID_DEVELOPER,ID_DEPARTAMENTO) values (407,142,4);
Insert into USERDB.DEVELOPER_DEPARTAMENTOS (ID,ID_DEVELOPER,ID_DEPARTAMENTO) values (408,142,7);
Insert into USERDB.DEVELOPER_DEPARTAMENTOS (ID,ID_DEVELOPER,ID_DEPARTAMENTO) values (409,142,2);
Insert into USERDB.DEVELOPER_DEPARTAMENTOS (ID,ID_DEVELOPER,ID_DEPARTAMENTO) values (410,142,9);
Insert into USERDB.DEVELOPER_DEPARTAMENTOS (ID,ID_DEVELOPER,ID_DEPARTAMENTO) values (411,142,8);
Insert into USERDB.DEVELOPER_DEPARTAMENTOS (ID,ID_DEVELOPER,ID_DEPARTAMENTO) values (412,144,8);
Insert into USERDB.DEVELOPER_DEPARTAMENTOS (ID,ID_DEVELOPER,ID_DEPARTAMENTO) values (413,144,7);
Insert into USERDB.DEVELOPER_DEPARTAMENTOS (ID,ID_DEVELOPER,ID_DEPARTAMENTO) values (414,144,4);
Insert into USERDB.DEVELOPER_DEPARTAMENTOS (ID,ID_DEVELOPER,ID_DEPARTAMENTO) values (415,144,3);
Insert into USERDB.DEVELOPER_DEPARTAMENTOS (ID,ID_DEVELOPER,ID_DEPARTAMENTO) values (416,144,5);
Insert into USERDB.DEVELOPER_DEPARTAMENTOS (ID,ID_DEVELOPER,ID_DEPARTAMENTO) values (417,144,1);
Insert into USERDB.DEVELOPER_DEPARTAMENTOS (ID,ID_DEVELOPER,ID_DEPARTAMENTO) values (418,144,6);
Insert into USERDB.DEVELOPER_DEPARTAMENTOS (ID,ID_DEVELOPER,ID_DEPARTAMENTO) values (419,144,2);
Insert into USERDB.DEVELOPER_DEPARTAMENTOS (ID,ID_DEVELOPER,ID_DEPARTAMENTO) values (420,146,5);
Insert into USERDB.DEVELOPER_DEPARTAMENTOS (ID,ID_DEVELOPER,ID_DEPARTAMENTO) values (421,146,4);
Insert into USERDB.DEVELOPER_DEPARTAMENTOS (ID,ID_DEVELOPER,ID_DEPARTAMENTO) values (422,146,3);
Insert into USERDB.DEVELOPER_DEPARTAMENTOS (ID,ID_DEVELOPER,ID_DEPARTAMENTO) values (423,146,9);
Insert into USERDB.DEVELOPER_DEPARTAMENTOS (ID,ID_DEVELOPER,ID_DEPARTAMENTO) values (424,146,6);
Insert into USERDB.DEVELOPER_DEPARTAMENTOS (ID,ID_DEVELOPER,ID_DEPARTAMENTO) values (425,146,10);
Insert into USERDB.DEVELOPER_DEPARTAMENTOS (ID,ID_DEVELOPER,ID_DEPARTAMENTO) values (426,146,8);
Insert into USERDB.DEVELOPER_DEPARTAMENTOS (ID,ID_DEVELOPER,ID_DEPARTAMENTO) values (427,146,1);
REM INSERTING into USERDB.DOCUMENTOS
SET DEFINE OFF;
Insert into USERDB.DOCUMENTOS (ID,URL_DOC,TIPO) values (1,'http://example.com/comentario1.pdf','comentario');
Insert into USERDB.DOCUMENTOS (ID,URL_DOC,TIPO) values (2,'http://example.com/incidencia2.pdf','incidencia');
Insert into USERDB.DOCUMENTOS (ID,URL_DOC,TIPO) values (3,'http://example.com/comentario3.pdf','comentario');
Insert into USERDB.DOCUMENTOS (ID,URL_DOC,TIPO) values (4,'http://example.com/incidencia4.pdf','incidencia');
Insert into USERDB.DOCUMENTOS (ID,URL_DOC,TIPO) values (5,'http://example.com/comentario5.pdf','comentario');
Insert into USERDB.DOCUMENTOS (ID,URL_DOC,TIPO) values (6,'http://example.com/incidencia6.pdf','incidencia');
Insert into USERDB.DOCUMENTOS (ID,URL_DOC,TIPO) values (7,'http://example.com/comentario7.pdf','comentario');
Insert into USERDB.DOCUMENTOS (ID,URL_DOC,TIPO) values (8,'http://example.com/incidencia8.pdf','incidencia');
Insert into USERDB.DOCUMENTOS (ID,URL_DOC,TIPO) values (9,'http://example.com/comentario9.pdf','comentario');
Insert into USERDB.DOCUMENTOS (ID,URL_DOC,TIPO) values (10,'http://example.com/incidencia10.pdf','incidencia');
Insert into USERDB.DOCUMENTOS (ID,URL_DOC,TIPO) values (11,'http://example.com/comentario11.pdf','comentario');
Insert into USERDB.DOCUMENTOS (ID,URL_DOC,TIPO) values (12,'http://example.com/incidencia12.pdf','incidencia');
Insert into USERDB.DOCUMENTOS (ID,URL_DOC,TIPO) values (13,'http://example.com/comentario13.pdf','comentario');
Insert into USERDB.DOCUMENTOS (ID,URL_DOC,TIPO) values (14,'http://example.com/incidencia14.pdf','incidencia');
Insert into USERDB.DOCUMENTOS (ID,URL_DOC,TIPO) values (15,'http://example.com/comentario15.pdf','comentario');
Insert into USERDB.DOCUMENTOS (ID,URL_DOC,TIPO) values (16,'http://example.com/incidencia16.pdf','incidencia');
Insert into USERDB.DOCUMENTOS (ID,URL_DOC,TIPO) values (17,'http://example.com/comentario17.pdf','comentario');
Insert into USERDB.DOCUMENTOS (ID,URL_DOC,TIPO) values (18,'http://example.com/incidencia18.pdf','incidencia');
Insert into USERDB.DOCUMENTOS (ID,URL_DOC,TIPO) values (19,'http://example.com/comentario19.pdf','comentario');
Insert into USERDB.DOCUMENTOS (ID,URL_DOC,TIPO) values (20,'http://example.com/incidencia20.pdf','incidencia');
Insert into USERDB.DOCUMENTOS (ID,URL_DOC,TIPO) values (21,'http://example.com/comentario21.pdf','comentario');
Insert into USERDB.DOCUMENTOS (ID,URL_DOC,TIPO) values (22,'http://example.com/incidencia22.pdf','incidencia');
Insert into USERDB.DOCUMENTOS (ID,URL_DOC,TIPO) values (23,'http://example.com/comentario23.pdf','comentario');
Insert into USERDB.DOCUMENTOS (ID,URL_DOC,TIPO) values (24,'http://example.com/incidencia24.pdf','incidencia');
Insert into USERDB.DOCUMENTOS (ID,URL_DOC,TIPO) values (25,'http://example.com/comentario25.pdf','comentario');
Insert into USERDB.DOCUMENTOS (ID,URL_DOC,TIPO) values (26,'http://example.com/incidencia26.pdf','incidencia');
Insert into USERDB.DOCUMENTOS (ID,URL_DOC,TIPO) values (27,'http://example.com/comentario27.pdf','comentario');
Insert into USERDB.DOCUMENTOS (ID,URL_DOC,TIPO) values (28,'http://example.com/incidencia28.pdf','incidencia');
Insert into USERDB.DOCUMENTOS (ID,URL_DOC,TIPO) values (29,'http://example.com/comentario29.pdf','comentario');
Insert into USERDB.DOCUMENTOS (ID,URL_DOC,TIPO) values (30,'http://example.com/incidencia30.pdf','incidencia');
Insert into USERDB.DOCUMENTOS (ID,URL_DOC,TIPO) values (31,'http://example.com/comentario31.pdf','comentario');
Insert into USERDB.DOCUMENTOS (ID,URL_DOC,TIPO) values (32,'http://example.com/incidencia32.pdf','incidencia');
Insert into USERDB.DOCUMENTOS (ID,URL_DOC,TIPO) values (33,'http://example.com/comentario33.pdf','comentario');
Insert into USERDB.DOCUMENTOS (ID,URL_DOC,TIPO) values (34,'http://example.com/incidencia34.pdf','incidencia');
Insert into USERDB.DOCUMENTOS (ID,URL_DOC,TIPO) values (35,'http://example.com/comentario35.pdf','comentario');
Insert into USERDB.DOCUMENTOS (ID,URL_DOC,TIPO) values (36,'http://example.com/incidencia36.pdf','incidencia');
Insert into USERDB.DOCUMENTOS (ID,URL_DOC,TIPO) values (37,'http://example.com/comentario37.pdf','comentario');
Insert into USERDB.DOCUMENTOS (ID,URL_DOC,TIPO) values (38,'http://example.com/incidencia38.pdf','incidencia');
Insert into USERDB.DOCUMENTOS (ID,URL_DOC,TIPO) values (39,'http://example.com/comentario39.pdf','comentario');
Insert into USERDB.DOCUMENTOS (ID,URL_DOC,TIPO) values (40,'http://example.com/incidencia40.pdf','incidencia');
Insert into USERDB.DOCUMENTOS (ID,URL_DOC,TIPO) values (41,'http://example.com/comentario41.pdf','comentario');
Insert into USERDB.DOCUMENTOS (ID,URL_DOC,TIPO) values (42,'http://example.com/incidencia42.pdf','incidencia');
Insert into USERDB.DOCUMENTOS (ID,URL_DOC,TIPO) values (43,'http://example.com/comentario43.pdf','comentario');
Insert into USERDB.DOCUMENTOS (ID,URL_DOC,TIPO) values (44,'http://example.com/incidencia44.pdf','incidencia');
Insert into USERDB.DOCUMENTOS (ID,URL_DOC,TIPO) values (45,'http://example.com/comentario45.pdf','comentario');
Insert into USERDB.DOCUMENTOS (ID,URL_DOC,TIPO) values (46,'http://example.com/incidencia46.pdf','incidencia');
Insert into USERDB.DOCUMENTOS (ID,URL_DOC,TIPO) values (47,'http://example.com/comentario47.pdf','comentario');
Insert into USERDB.DOCUMENTOS (ID,URL_DOC,TIPO) values (48,'http://example.com/incidencia48.pdf','incidencia');
Insert into USERDB.DOCUMENTOS (ID,URL_DOC,TIPO) values (49,'http://example.com/comentario49.pdf','comentario');
Insert into USERDB.DOCUMENTOS (ID,URL_DOC,TIPO) values (50,'http://example.com/incidencia50.pdf','incidencia');
Insert into USERDB.DOCUMENTOS (ID,URL_DOC,TIPO) values (51,'http://example.com/comentario51.pdf','comentario');
Insert into USERDB.DOCUMENTOS (ID,URL_DOC,TIPO) values (52,'http://example.com/incidencia52.pdf','incidencia');
Insert into USERDB.DOCUMENTOS (ID,URL_DOC,TIPO) values (53,'http://example.com/comentario53.pdf','comentario');
Insert into USERDB.DOCUMENTOS (ID,URL_DOC,TIPO) values (54,'http://example.com/incidencia54.pdf','incidencia');
Insert into USERDB.DOCUMENTOS (ID,URL_DOC,TIPO) values (55,'http://example.com/comentario55.pdf','comentario');
Insert into USERDB.DOCUMENTOS (ID,URL_DOC,TIPO) values (56,'http://example.com/incidencia56.pdf','incidencia');
Insert into USERDB.DOCUMENTOS (ID,URL_DOC,TIPO) values (57,'http://example.com/comentario57.pdf','comentario');
Insert into USERDB.DOCUMENTOS (ID,URL_DOC,TIPO) values (58,'http://example.com/incidencia58.pdf','incidencia');
Insert into USERDB.DOCUMENTOS (ID,URL_DOC,TIPO) values (59,'http://example.com/comentario59.pdf','comentario');
Insert into USERDB.DOCUMENTOS (ID,URL_DOC,TIPO) values (60,'http://example.com/incidencia60.pdf','incidencia');
Insert into USERDB.DOCUMENTOS (ID,URL_DOC,TIPO) values (61,'http://example.com/comentario61.pdf','comentario');
Insert into USERDB.DOCUMENTOS (ID,URL_DOC,TIPO) values (62,'http://example.com/incidencia62.pdf','incidencia');
Insert into USERDB.DOCUMENTOS (ID,URL_DOC,TIPO) values (63,'http://example.com/comentario63.pdf','comentario');
Insert into USERDB.DOCUMENTOS (ID,URL_DOC,TIPO) values (64,'http://example.com/incidencia64.pdf','incidencia');
Insert into USERDB.DOCUMENTOS (ID,URL_DOC,TIPO) values (65,'http://example.com/comentario65.pdf','comentario');
Insert into USERDB.DOCUMENTOS (ID,URL_DOC,TIPO) values (66,'http://example.com/incidencia66.pdf','incidencia');
Insert into USERDB.DOCUMENTOS (ID,URL_DOC,TIPO) values (67,'http://example.com/comentario67.pdf','comentario');
Insert into USERDB.DOCUMENTOS (ID,URL_DOC,TIPO) values (68,'http://example.com/incidencia68.pdf','incidencia');
Insert into USERDB.DOCUMENTOS (ID,URL_DOC,TIPO) values (69,'http://example.com/comentario69.pdf','comentario');
Insert into USERDB.DOCUMENTOS (ID,URL_DOC,TIPO) values (70,'http://example.com/incidencia70.pdf','incidencia');
Insert into USERDB.DOCUMENTOS (ID,URL_DOC,TIPO) values (71,'http://example.com/comentario71.pdf','comentario');
Insert into USERDB.DOCUMENTOS (ID,URL_DOC,TIPO) values (72,'http://example.com/incidencia72.pdf','incidencia');
Insert into USERDB.DOCUMENTOS (ID,URL_DOC,TIPO) values (73,'http://example.com/comentario73.pdf','comentario');
Insert into USERDB.DOCUMENTOS (ID,URL_DOC,TIPO) values (74,'http://example.com/incidencia74.pdf','incidencia');
Insert into USERDB.DOCUMENTOS (ID,URL_DOC,TIPO) values (75,'http://example.com/comentario75.pdf','comentario');
Insert into USERDB.DOCUMENTOS (ID,URL_DOC,TIPO) values (76,'http://example.com/incidencia76.pdf','incidencia');
Insert into USERDB.DOCUMENTOS (ID,URL_DOC,TIPO) values (77,'http://example.com/comentario77.pdf','comentario');
Insert into USERDB.DOCUMENTOS (ID,URL_DOC,TIPO) values (78,'http://example.com/incidencia78.pdf','incidencia');
Insert into USERDB.DOCUMENTOS (ID,URL_DOC,TIPO) values (79,'http://example.com/comentario79.pdf','comentario');
Insert into USERDB.DOCUMENTOS (ID,URL_DOC,TIPO) values (80,'http://example.com/incidencia80.pdf','incidencia');
Insert into USERDB.DOCUMENTOS (ID,URL_DOC,TIPO) values (81,'http://example.com/comentario81.pdf','comentario');
Insert into USERDB.DOCUMENTOS (ID,URL_DOC,TIPO) values (82,'http://example.com/incidencia82.pdf','incidencia');
Insert into USERDB.DOCUMENTOS (ID,URL_DOC,TIPO) values (83,'http://example.com/comentario83.pdf','comentario');
Insert into USERDB.DOCUMENTOS (ID,URL_DOC,TIPO) values (84,'http://example.com/incidencia84.pdf','incidencia');
Insert into USERDB.DOCUMENTOS (ID,URL_DOC,TIPO) values (85,'http://example.com/comentario85.pdf','comentario');
Insert into USERDB.DOCUMENTOS (ID,URL_DOC,TIPO) values (86,'http://example.com/incidencia86.pdf','incidencia');
Insert into USERDB.DOCUMENTOS (ID,URL_DOC,TIPO) values (87,'http://example.com/comentario87.pdf','comentario');
Insert into USERDB.DOCUMENTOS (ID,URL_DOC,TIPO) values (88,'http://example.com/incidencia88.pdf','incidencia');
Insert into USERDB.DOCUMENTOS (ID,URL_DOC,TIPO) values (89,'http://example.com/comentario89.pdf','comentario');
Insert into USERDB.DOCUMENTOS (ID,URL_DOC,TIPO) values (90,'http://example.com/incidencia90.pdf','incidencia');
Insert into USERDB.DOCUMENTOS (ID,URL_DOC,TIPO) values (91,'http://example.com/comentario91.pdf','comentario');
Insert into USERDB.DOCUMENTOS (ID,URL_DOC,TIPO) values (92,'http://example.com/incidencia92.pdf','incidencia');
Insert into USERDB.DOCUMENTOS (ID,URL_DOC,TIPO) values (93,'http://example.com/comentario93.pdf','comentario');
Insert into USERDB.DOCUMENTOS (ID,URL_DOC,TIPO) values (94,'http://example.com/incidencia94.pdf','incidencia');
Insert into USERDB.DOCUMENTOS (ID,URL_DOC,TIPO) values (95,'http://example.com/comentario95.pdf','comentario');
Insert into USERDB.DOCUMENTOS (ID,URL_DOC,TIPO) values (96,'http://example.com/incidencia96.pdf','incidencia');
Insert into USERDB.DOCUMENTOS (ID,URL_DOC,TIPO) values (97,'http://example.com/comentario97.pdf','comentario');
Insert into USERDB.DOCUMENTOS (ID,URL_DOC,TIPO) values (98,'http://example.com/incidencia98.pdf','incidencia');
Insert into USERDB.DOCUMENTOS (ID,URL_DOC,TIPO) values (99,'http://example.com/comentario99.pdf','comentario');
Insert into USERDB.DOCUMENTOS (ID,URL_DOC,TIPO) values (100,'http://example.com/incidencia100.pdf','incidencia');
REM INSERTING into USERDB.DOCUMENTO_COMENTARIOS
SET DEFINE OFF;
Insert into USERDB.DOCUMENTO_COMENTARIOS (ID,ID_DOCUMENTO,ID_COMENTARIO) values (1,41,55);
Insert into USERDB.DOCUMENTO_COMENTARIOS (ID,ID_DOCUMENTO,ID_COMENTARIO) values (2,85,69);
Insert into USERDB.DOCUMENTO_COMENTARIOS (ID,ID_DOCUMENTO,ID_COMENTARIO) values (3,1,75);
Insert into USERDB.DOCUMENTO_COMENTARIOS (ID,ID_DOCUMENTO,ID_COMENTARIO) values (4,39,96);
Insert into USERDB.DOCUMENTO_COMENTARIOS (ID,ID_DOCUMENTO,ID_COMENTARIO) values (5,39,3);
Insert into USERDB.DOCUMENTO_COMENTARIOS (ID,ID_DOCUMENTO,ID_COMENTARIO) values (6,69,2);
Insert into USERDB.DOCUMENTO_COMENTARIOS (ID,ID_DOCUMENTO,ID_COMENTARIO) values (7,57,95);
Insert into USERDB.DOCUMENTO_COMENTARIOS (ID,ID_DOCUMENTO,ID_COMENTARIO) values (8,67,14);
Insert into USERDB.DOCUMENTO_COMENTARIOS (ID,ID_DOCUMENTO,ID_COMENTARIO) values (9,45,64);
Insert into USERDB.DOCUMENTO_COMENTARIOS (ID,ID_DOCUMENTO,ID_COMENTARIO) values (10,51,80);
Insert into USERDB.DOCUMENTO_COMENTARIOS (ID,ID_DOCUMENTO,ID_COMENTARIO) values (11,1,34);
Insert into USERDB.DOCUMENTO_COMENTARIOS (ID,ID_DOCUMENTO,ID_COMENTARIO) values (12,91,52);
Insert into USERDB.DOCUMENTO_COMENTARIOS (ID,ID_DOCUMENTO,ID_COMENTARIO) values (13,57,45);
Insert into USERDB.DOCUMENTO_COMENTARIOS (ID,ID_DOCUMENTO,ID_COMENTARIO) values (14,55,45);
Insert into USERDB.DOCUMENTO_COMENTARIOS (ID,ID_DOCUMENTO,ID_COMENTARIO) values (15,53,26);
Insert into USERDB.DOCUMENTO_COMENTARIOS (ID,ID_DOCUMENTO,ID_COMENTARIO) values (16,29,62);
Insert into USERDB.DOCUMENTO_COMENTARIOS (ID,ID_DOCUMENTO,ID_COMENTARIO) values (17,19,31);
Insert into USERDB.DOCUMENTO_COMENTARIOS (ID,ID_DOCUMENTO,ID_COMENTARIO) values (18,19,21);
Insert into USERDB.DOCUMENTO_COMENTARIOS (ID,ID_DOCUMENTO,ID_COMENTARIO) values (19,55,39);
Insert into USERDB.DOCUMENTO_COMENTARIOS (ID,ID_DOCUMENTO,ID_COMENTARIO) values (20,83,30);
Insert into USERDB.DOCUMENTO_COMENTARIOS (ID,ID_DOCUMENTO,ID_COMENTARIO) values (21,79,26);
Insert into USERDB.DOCUMENTO_COMENTARIOS (ID,ID_DOCUMENTO,ID_COMENTARIO) values (22,91,34);
Insert into USERDB.DOCUMENTO_COMENTARIOS (ID,ID_DOCUMENTO,ID_COMENTARIO) values (23,55,34);
Insert into USERDB.DOCUMENTO_COMENTARIOS (ID,ID_DOCUMENTO,ID_COMENTARIO) values (24,79,15);
Insert into USERDB.DOCUMENTO_COMENTARIOS (ID,ID_DOCUMENTO,ID_COMENTARIO) values (25,83,56);
Insert into USERDB.DOCUMENTO_COMENTARIOS (ID,ID_DOCUMENTO,ID_COMENTARIO) values (26,39,2);
Insert into USERDB.DOCUMENTO_COMENTARIOS (ID,ID_DOCUMENTO,ID_COMENTARIO) values (27,5,95);
Insert into USERDB.DOCUMENTO_COMENTARIOS (ID,ID_DOCUMENTO,ID_COMENTARIO) values (28,45,15);
Insert into USERDB.DOCUMENTO_COMENTARIOS (ID,ID_DOCUMENTO,ID_COMENTARIO) values (29,27,28);
Insert into USERDB.DOCUMENTO_COMENTARIOS (ID,ID_DOCUMENTO,ID_COMENTARIO) values (30,9,81);
Insert into USERDB.DOCUMENTO_COMENTARIOS (ID,ID_DOCUMENTO,ID_COMENTARIO) values (31,93,69);
Insert into USERDB.DOCUMENTO_COMENTARIOS (ID,ID_DOCUMENTO,ID_COMENTARIO) values (32,11,25);
Insert into USERDB.DOCUMENTO_COMENTARIOS (ID,ID_DOCUMENTO,ID_COMENTARIO) values (33,53,92);
Insert into USERDB.DOCUMENTO_COMENTARIOS (ID,ID_DOCUMENTO,ID_COMENTARIO) values (34,31,44);
Insert into USERDB.DOCUMENTO_COMENTARIOS (ID,ID_DOCUMENTO,ID_COMENTARIO) values (35,61,47);
Insert into USERDB.DOCUMENTO_COMENTARIOS (ID,ID_DOCUMENTO,ID_COMENTARIO) values (36,29,75);
Insert into USERDB.DOCUMENTO_COMENTARIOS (ID,ID_DOCUMENTO,ID_COMENTARIO) values (37,65,9);
Insert into USERDB.DOCUMENTO_COMENTARIOS (ID,ID_DOCUMENTO,ID_COMENTARIO) values (38,89,9);
Insert into USERDB.DOCUMENTO_COMENTARIOS (ID,ID_DOCUMENTO,ID_COMENTARIO) values (39,99,56);
Insert into USERDB.DOCUMENTO_COMENTARIOS (ID,ID_DOCUMENTO,ID_COMENTARIO) values (40,55,77);
Insert into USERDB.DOCUMENTO_COMENTARIOS (ID,ID_DOCUMENTO,ID_COMENTARIO) values (41,89,17);
Insert into USERDB.DOCUMENTO_COMENTARIOS (ID,ID_DOCUMENTO,ID_COMENTARIO) values (42,85,40);
Insert into USERDB.DOCUMENTO_COMENTARIOS (ID,ID_DOCUMENTO,ID_COMENTARIO) values (43,81,83);
Insert into USERDB.DOCUMENTO_COMENTARIOS (ID,ID_DOCUMENTO,ID_COMENTARIO) values (44,49,87);
Insert into USERDB.DOCUMENTO_COMENTARIOS (ID,ID_DOCUMENTO,ID_COMENTARIO) values (45,57,65);
Insert into USERDB.DOCUMENTO_COMENTARIOS (ID,ID_DOCUMENTO,ID_COMENTARIO) values (46,87,43);
Insert into USERDB.DOCUMENTO_COMENTARIOS (ID,ID_DOCUMENTO,ID_COMENTARIO) values (47,83,22);
Insert into USERDB.DOCUMENTO_COMENTARIOS (ID,ID_DOCUMENTO,ID_COMENTARIO) values (48,17,32);
Insert into USERDB.DOCUMENTO_COMENTARIOS (ID,ID_DOCUMENTO,ID_COMENTARIO) values (49,89,4);
Insert into USERDB.DOCUMENTO_COMENTARIOS (ID,ID_DOCUMENTO,ID_COMENTARIO) values (50,65,58);
Insert into USERDB.DOCUMENTO_COMENTARIOS (ID,ID_DOCUMENTO,ID_COMENTARIO) values (51,13,63);
Insert into USERDB.DOCUMENTO_COMENTARIOS (ID,ID_DOCUMENTO,ID_COMENTARIO) values (52,79,78);
Insert into USERDB.DOCUMENTO_COMENTARIOS (ID,ID_DOCUMENTO,ID_COMENTARIO) values (53,49,2);
Insert into USERDB.DOCUMENTO_COMENTARIOS (ID,ID_DOCUMENTO,ID_COMENTARIO) values (54,1,33);
Insert into USERDB.DOCUMENTO_COMENTARIOS (ID,ID_DOCUMENTO,ID_COMENTARIO) values (55,27,97);
Insert into USERDB.DOCUMENTO_COMENTARIOS (ID,ID_DOCUMENTO,ID_COMENTARIO) values (56,71,11);
Insert into USERDB.DOCUMENTO_COMENTARIOS (ID,ID_DOCUMENTO,ID_COMENTARIO) values (57,67,34);
Insert into USERDB.DOCUMENTO_COMENTARIOS (ID,ID_DOCUMENTO,ID_COMENTARIO) values (58,55,59);
Insert into USERDB.DOCUMENTO_COMENTARIOS (ID,ID_DOCUMENTO,ID_COMENTARIO) values (59,75,62);
Insert into USERDB.DOCUMENTO_COMENTARIOS (ID,ID_DOCUMENTO,ID_COMENTARIO) values (60,77,42);
Insert into USERDB.DOCUMENTO_COMENTARIOS (ID,ID_DOCUMENTO,ID_COMENTARIO) values (61,33,68);
Insert into USERDB.DOCUMENTO_COMENTARIOS (ID,ID_DOCUMENTO,ID_COMENTARIO) values (62,17,98);
Insert into USERDB.DOCUMENTO_COMENTARIOS (ID,ID_DOCUMENTO,ID_COMENTARIO) values (63,61,65);
Insert into USERDB.DOCUMENTO_COMENTARIOS (ID,ID_DOCUMENTO,ID_COMENTARIO) values (64,63,41);
Insert into USERDB.DOCUMENTO_COMENTARIOS (ID,ID_DOCUMENTO,ID_COMENTARIO) values (65,63,33);
Insert into USERDB.DOCUMENTO_COMENTARIOS (ID,ID_DOCUMENTO,ID_COMENTARIO) values (66,29,31);
Insert into USERDB.DOCUMENTO_COMENTARIOS (ID,ID_DOCUMENTO,ID_COMENTARIO) values (67,9,57);
Insert into USERDB.DOCUMENTO_COMENTARIOS (ID,ID_DOCUMENTO,ID_COMENTARIO) values (68,69,98);
Insert into USERDB.DOCUMENTO_COMENTARIOS (ID,ID_DOCUMENTO,ID_COMENTARIO) values (69,29,17);
Insert into USERDB.DOCUMENTO_COMENTARIOS (ID,ID_DOCUMENTO,ID_COMENTARIO) values (70,13,43);
Insert into USERDB.DOCUMENTO_COMENTARIOS (ID,ID_DOCUMENTO,ID_COMENTARIO) values (71,43,75);
Insert into USERDB.DOCUMENTO_COMENTARIOS (ID,ID_DOCUMENTO,ID_COMENTARIO) values (72,11,90);
Insert into USERDB.DOCUMENTO_COMENTARIOS (ID,ID_DOCUMENTO,ID_COMENTARIO) values (73,45,27);
Insert into USERDB.DOCUMENTO_COMENTARIOS (ID,ID_DOCUMENTO,ID_COMENTARIO) values (74,25,54);
Insert into USERDB.DOCUMENTO_COMENTARIOS (ID,ID_DOCUMENTO,ID_COMENTARIO) values (75,87,97);
Insert into USERDB.DOCUMENTO_COMENTARIOS (ID,ID_DOCUMENTO,ID_COMENTARIO) values (76,15,68);
Insert into USERDB.DOCUMENTO_COMENTARIOS (ID,ID_DOCUMENTO,ID_COMENTARIO) values (77,43,63);
Insert into USERDB.DOCUMENTO_COMENTARIOS (ID,ID_DOCUMENTO,ID_COMENTARIO) values (78,15,84);
Insert into USERDB.DOCUMENTO_COMENTARIOS (ID,ID_DOCUMENTO,ID_COMENTARIO) values (79,37,40);
Insert into USERDB.DOCUMENTO_COMENTARIOS (ID,ID_DOCUMENTO,ID_COMENTARIO) values (80,75,78);
Insert into USERDB.DOCUMENTO_COMENTARIOS (ID,ID_DOCUMENTO,ID_COMENTARIO) values (81,33,43);
Insert into USERDB.DOCUMENTO_COMENTARIOS (ID,ID_DOCUMENTO,ID_COMENTARIO) values (82,71,22);
Insert into USERDB.DOCUMENTO_COMENTARIOS (ID,ID_DOCUMENTO,ID_COMENTARIO) values (83,87,85);
Insert into USERDB.DOCUMENTO_COMENTARIOS (ID,ID_DOCUMENTO,ID_COMENTARIO) values (84,55,40);
Insert into USERDB.DOCUMENTO_COMENTARIOS (ID,ID_DOCUMENTO,ID_COMENTARIO) values (85,19,65);
Insert into USERDB.DOCUMENTO_COMENTARIOS (ID,ID_DOCUMENTO,ID_COMENTARIO) values (86,1,25);
Insert into USERDB.DOCUMENTO_COMENTARIOS (ID,ID_DOCUMENTO,ID_COMENTARIO) values (87,9,40);
Insert into USERDB.DOCUMENTO_COMENTARIOS (ID,ID_DOCUMENTO,ID_COMENTARIO) values (88,61,51);
Insert into USERDB.DOCUMENTO_COMENTARIOS (ID,ID_DOCUMENTO,ID_COMENTARIO) values (89,49,33);
Insert into USERDB.DOCUMENTO_COMENTARIOS (ID,ID_DOCUMENTO,ID_COMENTARIO) values (90,33,19);
Insert into USERDB.DOCUMENTO_COMENTARIOS (ID,ID_DOCUMENTO,ID_COMENTARIO) values (91,71,71);
Insert into USERDB.DOCUMENTO_COMENTARIOS (ID,ID_DOCUMENTO,ID_COMENTARIO) values (92,55,75);
Insert into USERDB.DOCUMENTO_COMENTARIOS (ID,ID_DOCUMENTO,ID_COMENTARIO) values (93,57,40);
Insert into USERDB.DOCUMENTO_COMENTARIOS (ID,ID_DOCUMENTO,ID_COMENTARIO) values (94,7,85);
Insert into USERDB.DOCUMENTO_COMENTARIOS (ID,ID_DOCUMENTO,ID_COMENTARIO) values (95,9,8);
Insert into USERDB.DOCUMENTO_COMENTARIOS (ID,ID_DOCUMENTO,ID_COMENTARIO) values (96,65,14);
Insert into USERDB.DOCUMENTO_COMENTARIOS (ID,ID_DOCUMENTO,ID_COMENTARIO) values (97,79,78);
Insert into USERDB.DOCUMENTO_COMENTARIOS (ID,ID_DOCUMENTO,ID_COMENTARIO) values (98,11,28);
Insert into USERDB.DOCUMENTO_COMENTARIOS (ID,ID_DOCUMENTO,ID_COMENTARIO) values (99,3,99);
Insert into USERDB.DOCUMENTO_COMENTARIOS (ID,ID_DOCUMENTO,ID_COMENTARIO) values (100,9,2);
REM INSERTING into USERDB.ESTADOS
SET DEFINE OFF;
Insert into USERDB.ESTADOS (ID,NOMBRE,URL_IMAGEN) values (1,'Activo','https://example.com/activo.jpg');
Insert into USERDB.ESTADOS (ID,NOMBRE,URL_IMAGEN) values (2,'Inactivo','https://example.com/inactivo.jpg');
Insert into USERDB.ESTADOS (ID,NOMBRE,URL_IMAGEN) values (3,'Pendiente','https://example.com/pendiente.jpg');
Insert into USERDB.ESTADOS (ID,NOMBRE,URL_IMAGEN) values (4,'Finalizado','https://example.com/finalizado.jpg');
REM INSERTING into USERDB.ETIQUETAS
SET DEFINE OFF;
Insert into USERDB.ETIQUETAS (ID,NOMBRE) values (1,'Urgente');
Insert into USERDB.ETIQUETAS (ID,NOMBRE) values (2,'Bug');
Insert into USERDB.ETIQUETAS (ID,NOMBRE) values (3,'Mejora');
Insert into USERDB.ETIQUETAS (ID,NOMBRE) values (4,'Produccion');
Insert into USERDB.ETIQUETAS (ID,NOMBRE) values (5,'Documentación');
REM INSERTING into USERDB.ETIQUETAS_INCIDENCIAS
SET DEFINE OFF;
Insert into USERDB.ETIQUETAS_INCIDENCIAS (ID,ID_INCIDENCIA,ID_ETIQUETA) values (1,1,1);
Insert into USERDB.ETIQUETAS_INCIDENCIAS (ID,ID_INCIDENCIA,ID_ETIQUETA) values (2,1,2);
Insert into USERDB.ETIQUETAS_INCIDENCIAS (ID,ID_INCIDENCIA,ID_ETIQUETA) values (3,2,3);
Insert into USERDB.ETIQUETAS_INCIDENCIAS (ID,ID_INCIDENCIA,ID_ETIQUETA) values (4,2,4);
Insert into USERDB.ETIQUETAS_INCIDENCIAS (ID,ID_INCIDENCIA,ID_ETIQUETA) values (5,3,5);
Insert into USERDB.ETIQUETAS_INCIDENCIAS (ID,ID_INCIDENCIA,ID_ETIQUETA) values (6,4,1);
Insert into USERDB.ETIQUETAS_INCIDENCIAS (ID,ID_INCIDENCIA,ID_ETIQUETA) values (7,4,3);
Insert into USERDB.ETIQUETAS_INCIDENCIAS (ID,ID_INCIDENCIA,ID_ETIQUETA) values (8,5,2);
Insert into USERDB.ETIQUETAS_INCIDENCIAS (ID,ID_INCIDENCIA,ID_ETIQUETA) values (9,5,4);
Insert into USERDB.ETIQUETAS_INCIDENCIAS (ID,ID_INCIDENCIA,ID_ETIQUETA) values (10,6,5);
Insert into USERDB.ETIQUETAS_INCIDENCIAS (ID,ID_INCIDENCIA,ID_ETIQUETA) values (11,7,1);
Insert into USERDB.ETIQUETAS_INCIDENCIAS (ID,ID_INCIDENCIA,ID_ETIQUETA) values (12,8,2);
Insert into USERDB.ETIQUETAS_INCIDENCIAS (ID,ID_INCIDENCIA,ID_ETIQUETA) values (13,9,3);
Insert into USERDB.ETIQUETAS_INCIDENCIAS (ID,ID_INCIDENCIA,ID_ETIQUETA) values (14,10,4);
REM INSERTING into USERDB.INCIDENCIAS
SET DEFINE OFF;
Insert into USERDB.INCIDENCIAS (ID,RESUMEN,DESCRIPCION,FECHA_ENVIO,FECHA_ACTU,ID_PROYECTO,ID_DEPARTAMENTO,ID_ESTADO,ID_PRIORIDAD,ID_DOCUMENTO) values (1,'Incidencia A','Descripción de la incidencia A',to_date('01-JAN-24','DD-MON-RR'),to_date('02-JAN-24','DD-MON-RR'),1,1,1,1,2);
Insert into USERDB.INCIDENCIAS (ID,RESUMEN,DESCRIPCION,FECHA_ENVIO,FECHA_ACTU,ID_PROYECTO,ID_DEPARTAMENTO,ID_ESTADO,ID_PRIORIDAD,ID_DOCUMENTO) values (2,'Incidencia B','Descripción de la incidencia B',to_date('15-FEB-24','DD-MON-RR'),to_date('16-FEB-24','DD-MON-RR'),2,2,2,2,4);
Insert into USERDB.INCIDENCIAS (ID,RESUMEN,DESCRIPCION,FECHA_ENVIO,FECHA_ACTU,ID_PROYECTO,ID_DEPARTAMENTO,ID_ESTADO,ID_PRIORIDAD,ID_DOCUMENTO) values (3,'Incidencia C','Descripción de la incidencia C',to_date('20-MAR-24','DD-MON-RR'),to_date('21-MAR-24','DD-MON-RR'),3,3,3,3,6);
Insert into USERDB.INCIDENCIAS (ID,RESUMEN,DESCRIPCION,FECHA_ENVIO,FECHA_ACTU,ID_PROYECTO,ID_DEPARTAMENTO,ID_ESTADO,ID_PRIORIDAD,ID_DOCUMENTO) values (4,'Incidencia D','Descripción de la incidencia D',to_date('10-APR-24','DD-MON-RR'),to_date('11-APR-24','DD-MON-RR'),4,4,4,4,8);
Insert into USERDB.INCIDENCIAS (ID,RESUMEN,DESCRIPCION,FECHA_ENVIO,FECHA_ACTU,ID_PROYECTO,ID_DEPARTAMENTO,ID_ESTADO,ID_PRIORIDAD,ID_DOCUMENTO) values (5,'Incidencia E','Descripción de la incidencia E',to_date('05-MAY-24','DD-MON-RR'),to_date('06-MAY-24','DD-MON-RR'),5,5,1,2,10);
Insert into USERDB.INCIDENCIAS (ID,RESUMEN,DESCRIPCION,FECHA_ENVIO,FECHA_ACTU,ID_PROYECTO,ID_DEPARTAMENTO,ID_ESTADO,ID_PRIORIDAD,ID_DOCUMENTO) values (6,'Incidencia F','Descripción de la incidencia F',to_date('01-JUN-24','DD-MON-RR'),to_date('02-JUN-24','DD-MON-RR'),6,6,2,3,12);
Insert into USERDB.INCIDENCIAS (ID,RESUMEN,DESCRIPCION,FECHA_ENVIO,FECHA_ACTU,ID_PROYECTO,ID_DEPARTAMENTO,ID_ESTADO,ID_PRIORIDAD,ID_DOCUMENTO) values (7,'Incidencia G','Descripción de la incidencia G',to_date('01-JUL-24','DD-MON-RR'),to_date('02-JUL-24','DD-MON-RR'),7,7,3,1,14);
Insert into USERDB.INCIDENCIAS (ID,RESUMEN,DESCRIPCION,FECHA_ENVIO,FECHA_ACTU,ID_PROYECTO,ID_DEPARTAMENTO,ID_ESTADO,ID_PRIORIDAD,ID_DOCUMENTO) values (8,'Incidencia H','Descripción de la incidencia H',to_date('01-AUG-24','DD-MON-RR'),to_date('02-AUG-24','DD-MON-RR'),8,8,4,2,16);
Insert into USERDB.INCIDENCIAS (ID,RESUMEN,DESCRIPCION,FECHA_ENVIO,FECHA_ACTU,ID_PROYECTO,ID_DEPARTAMENTO,ID_ESTADO,ID_PRIORIDAD,ID_DOCUMENTO) values (9,'Incidencia I','Descripción de la incidencia I',to_date('01-SEP-24','DD-MON-RR'),to_date('02-SEP-24','DD-MON-RR'),9,9,1,4,18);
Insert into USERDB.INCIDENCIAS (ID,RESUMEN,DESCRIPCION,FECHA_ENVIO,FECHA_ACTU,ID_PROYECTO,ID_DEPARTAMENTO,ID_ESTADO,ID_PRIORIDAD,ID_DOCUMENTO) values (10,'Incidencia J','Descripción de la incidencia J',to_date('01-OCT-24','DD-MON-RR'),to_date('02-OCT-24','DD-MON-RR'),10,10,2,3,20);
REM INSERTING into USERDB.INCIDENCIA_ANALISTA
SET DEFINE OFF;
Insert into USERDB.INCIDENCIA_ANALISTA (ID,ID_INCIDENCIA,ID_ANALISTA) values (1,1,2);
Insert into USERDB.INCIDENCIA_ANALISTA (ID,ID_INCIDENCIA,ID_ANALISTA) values (2,2,3);
Insert into USERDB.INCIDENCIA_ANALISTA (ID,ID_INCIDENCIA,ID_ANALISTA) values (3,3,1);
Insert into USERDB.INCIDENCIA_ANALISTA (ID,ID_INCIDENCIA,ID_ANALISTA) values (4,4,2);
Insert into USERDB.INCIDENCIA_ANALISTA (ID,ID_INCIDENCIA,ID_ANALISTA) values (5,5,3);
Insert into USERDB.INCIDENCIA_ANALISTA (ID,ID_INCIDENCIA,ID_ANALISTA) values (6,6,1);
Insert into USERDB.INCIDENCIA_ANALISTA (ID,ID_INCIDENCIA,ID_ANALISTA) values (7,7,3);
Insert into USERDB.INCIDENCIA_ANALISTA (ID,ID_INCIDENCIA,ID_ANALISTA) values (8,8,1);
Insert into USERDB.INCIDENCIA_ANALISTA (ID,ID_INCIDENCIA,ID_ANALISTA) values (9,9,2);
Insert into USERDB.INCIDENCIA_ANALISTA (ID,ID_INCIDENCIA,ID_ANALISTA) values (10,10,3);
Insert into USERDB.INCIDENCIA_ANALISTA (ID,ID_INCIDENCIA,ID_ANALISTA) values (11,5,1);
Insert into USERDB.INCIDENCIA_ANALISTA (ID,ID_INCIDENCIA,ID_ANALISTA) values (12,3,2);
Insert into USERDB.INCIDENCIA_ANALISTA (ID,ID_INCIDENCIA,ID_ANALISTA) values (13,8,3);
Insert into USERDB.INCIDENCIA_ANALISTA (ID,ID_INCIDENCIA,ID_ANALISTA) values (14,7,2);
Insert into USERDB.INCIDENCIA_ANALISTA (ID,ID_INCIDENCIA,ID_ANALISTA) values (15,6,3);
Insert into USERDB.INCIDENCIA_ANALISTA (ID,ID_INCIDENCIA,ID_ANALISTA) values (16,2,1);
Insert into USERDB.INCIDENCIA_ANALISTA (ID,ID_INCIDENCIA,ID_ANALISTA) values (17,4,3);
Insert into USERDB.INCIDENCIA_ANALISTA (ID,ID_INCIDENCIA,ID_ANALISTA) values (18,1,1);
Insert into USERDB.INCIDENCIA_ANALISTA (ID,ID_INCIDENCIA,ID_ANALISTA) values (19,9,2);
REM INSERTING into USERDB.INCIDENCIA_CLIENTE
SET DEFINE OFF;
Insert into USERDB.INCIDENCIA_CLIENTE (ID,ID_INCIDENCIA,ID_CLIENTE) values (1,9,1);
Insert into USERDB.INCIDENCIA_CLIENTE (ID,ID_INCIDENCIA,ID_CLIENTE) values (2,3,1);
Insert into USERDB.INCIDENCIA_CLIENTE (ID,ID_INCIDENCIA,ID_CLIENTE) values (3,7,1);
Insert into USERDB.INCIDENCIA_CLIENTE (ID,ID_INCIDENCIA,ID_CLIENTE) values (4,10,2);
Insert into USERDB.INCIDENCIA_CLIENTE (ID,ID_INCIDENCIA,ID_CLIENTE) values (5,3,3);
Insert into USERDB.INCIDENCIA_CLIENTE (ID,ID_INCIDENCIA,ID_CLIENTE) values (6,7,3);
Insert into USERDB.INCIDENCIA_CLIENTE (ID,ID_INCIDENCIA,ID_CLIENTE) values (7,6,4);
Insert into USERDB.INCIDENCIA_CLIENTE (ID,ID_INCIDENCIA,ID_CLIENTE) values (8,4,4);
Insert into USERDB.INCIDENCIA_CLIENTE (ID,ID_INCIDENCIA,ID_CLIENTE) values (9,8,4);
Insert into USERDB.INCIDENCIA_CLIENTE (ID,ID_INCIDENCIA,ID_CLIENTE) values (10,6,5);
Insert into USERDB.INCIDENCIA_CLIENTE (ID,ID_INCIDENCIA,ID_CLIENTE) values (11,1,6);
Insert into USERDB.INCIDENCIA_CLIENTE (ID,ID_INCIDENCIA,ID_CLIENTE) values (12,5,6);
Insert into USERDB.INCIDENCIA_CLIENTE (ID,ID_INCIDENCIA,ID_CLIENTE) values (13,8,6);
Insert into USERDB.INCIDENCIA_CLIENTE (ID,ID_INCIDENCIA,ID_CLIENTE) values (14,2,7);
Insert into USERDB.INCIDENCIA_CLIENTE (ID,ID_INCIDENCIA,ID_CLIENTE) values (15,2,8);
Insert into USERDB.INCIDENCIA_CLIENTE (ID,ID_INCIDENCIA,ID_CLIENTE) values (16,10,9);
Insert into USERDB.INCIDENCIA_CLIENTE (ID,ID_INCIDENCIA,ID_CLIENTE) values (17,5,9);
Insert into USERDB.INCIDENCIA_CLIENTE (ID,ID_INCIDENCIA,ID_CLIENTE) values (18,9,9);
Insert into USERDB.INCIDENCIA_CLIENTE (ID,ID_INCIDENCIA,ID_CLIENTE) values (19,2,10);
Insert into USERDB.INCIDENCIA_CLIENTE (ID,ID_INCIDENCIA,ID_CLIENTE) values (20,4,10);
REM INSERTING into USERDB.INCIDENCIA_DEVELOPER
SET DEFINE OFF;
Insert into USERDB.INCIDENCIA_DEVELOPER (ID,ID_INCIDENCIA,ID_DEVELOPER) values (1,1,147);
Insert into USERDB.INCIDENCIA_DEVELOPER (ID,ID_INCIDENCIA,ID_DEVELOPER) values (2,2,102);
Insert into USERDB.INCIDENCIA_DEVELOPER (ID,ID_INCIDENCIA,ID_DEVELOPER) values (3,3,56);
Insert into USERDB.INCIDENCIA_DEVELOPER (ID,ID_INCIDENCIA,ID_DEVELOPER) values (4,4,73);
Insert into USERDB.INCIDENCIA_DEVELOPER (ID,ID_INCIDENCIA,ID_DEVELOPER) values (5,5,101);
Insert into USERDB.INCIDENCIA_DEVELOPER (ID,ID_INCIDENCIA,ID_DEVELOPER) values (6,6,23);
Insert into USERDB.INCIDENCIA_DEVELOPER (ID,ID_INCIDENCIA,ID_DEVELOPER) values (7,7,89);
Insert into USERDB.INCIDENCIA_DEVELOPER (ID,ID_INCIDENCIA,ID_DEVELOPER) values (8,8,140);
Insert into USERDB.INCIDENCIA_DEVELOPER (ID,ID_INCIDENCIA,ID_DEVELOPER) values (9,9,19);
Insert into USERDB.INCIDENCIA_DEVELOPER (ID,ID_INCIDENCIA,ID_DEVELOPER) values (10,10,65);
Insert into USERDB.INCIDENCIA_DEVELOPER (ID,ID_INCIDENCIA,ID_DEVELOPER) values (11,1,11);
Insert into USERDB.INCIDENCIA_DEVELOPER (ID,ID_INCIDENCIA,ID_DEVELOPER) values (12,2,37);
Insert into USERDB.INCIDENCIA_DEVELOPER (ID,ID_INCIDENCIA,ID_DEVELOPER) values (13,3,59);
Insert into USERDB.INCIDENCIA_DEVELOPER (ID,ID_INCIDENCIA,ID_DEVELOPER) values (14,4,42);
Insert into USERDB.INCIDENCIA_DEVELOPER (ID,ID_INCIDENCIA,ID_DEVELOPER) values (15,5,124);
Insert into USERDB.INCIDENCIA_DEVELOPER (ID,ID_INCIDENCIA,ID_DEVELOPER) values (16,6,147);
Insert into USERDB.INCIDENCIA_DEVELOPER (ID,ID_INCIDENCIA,ID_DEVELOPER) values (17,7,3);
Insert into USERDB.INCIDENCIA_DEVELOPER (ID,ID_INCIDENCIA,ID_DEVELOPER) values (18,8,99);
Insert into USERDB.INCIDENCIA_DEVELOPER (ID,ID_INCIDENCIA,ID_DEVELOPER) values (19,9,25);
Insert into USERDB.INCIDENCIA_DEVELOPER (ID,ID_INCIDENCIA,ID_DEVELOPER) values (20,10,108);
Insert into USERDB.INCIDENCIA_DEVELOPER (ID,ID_INCIDENCIA,ID_DEVELOPER) values (21,3,147);
Insert into USERDB.INCIDENCIA_DEVELOPER (ID,ID_INCIDENCIA,ID_DEVELOPER) values (22,1,147);
Insert into USERDB.INCIDENCIA_DEVELOPER (ID,ID_INCIDENCIA,ID_DEVELOPER) values (23,2,147);
REM INSERTING into USERDB.PRIORIDADES
SET DEFINE OFF;
Insert into USERDB.PRIORIDADES (ID,NOMBRE) values (1,'Alta');
Insert into USERDB.PRIORIDADES (ID,NOMBRE) values (2,'Media');
Insert into USERDB.PRIORIDADES (ID,NOMBRE) values (3,'Baja');
Insert into USERDB.PRIORIDADES (ID,NOMBRE) values (4,'Crítica');
REM INSERTING into USERDB.PROYECTOS
SET DEFINE OFF;
Insert into USERDB.PROYECTOS (ID,NOMBRE,FECHA_INICIO,ID_CLIENTE) values (1,'Proyecto A',to_date('01-JAN-24','DD-MON-RR'),1);
Insert into USERDB.PROYECTOS (ID,NOMBRE,FECHA_INICIO,ID_CLIENTE) values (2,'Proyecto B',to_date('15-FEB-24','DD-MON-RR'),2);
Insert into USERDB.PROYECTOS (ID,NOMBRE,FECHA_INICIO,ID_CLIENTE) values (3,'Proyecto C',to_date('20-MAR-24','DD-MON-RR'),3);
Insert into USERDB.PROYECTOS (ID,NOMBRE,FECHA_INICIO,ID_CLIENTE) values (4,'Proyecto D',to_date('10-APR-24','DD-MON-RR'),4);
Insert into USERDB.PROYECTOS (ID,NOMBRE,FECHA_INICIO,ID_CLIENTE) values (5,'Proyecto E',to_date('25-MAY-24','DD-MON-RR'),5);
Insert into USERDB.PROYECTOS (ID,NOMBRE,FECHA_INICIO,ID_CLIENTE) values (6,'Proyecto F',to_date('05-JUN-24','DD-MON-RR'),6);
Insert into USERDB.PROYECTOS (ID,NOMBRE,FECHA_INICIO,ID_CLIENTE) values (7,'Proyecto G',to_date('17-JUL-24','DD-MON-RR'),7);
Insert into USERDB.PROYECTOS (ID,NOMBRE,FECHA_INICIO,ID_CLIENTE) values (8,'Proyecto H',to_date('30-AUG-24','DD-MON-RR'),8);
Insert into USERDB.PROYECTOS (ID,NOMBRE,FECHA_INICIO,ID_CLIENTE) values (9,'Proyecto I',to_date('14-SEP-24','DD-MON-RR'),9);
Insert into USERDB.PROYECTOS (ID,NOMBRE,FECHA_INICIO,ID_CLIENTE) values (10,'Proyecto J',to_date('02-OCT-24','DD-MON-RR'),10);
Insert into USERDB.PROYECTOS (ID,NOMBRE,FECHA_INICIO,ID_CLIENTE) values (11,'Proyecto K',to_date('06-NOV-24','DD-MON-RR'),11);
Insert into USERDB.PROYECTOS (ID,NOMBRE,FECHA_INICIO,ID_CLIENTE) values (12,'Proyecto L',to_date('12-DEC-24','DD-MON-RR'),12);
Insert into USERDB.PROYECTOS (ID,NOMBRE,FECHA_INICIO,ID_CLIENTE) values (13,'Proyecto M',to_date('09-JAN-25','DD-MON-RR'),13);
Insert into USERDB.PROYECTOS (ID,NOMBRE,FECHA_INICIO,ID_CLIENTE) values (14,'Proyecto N',to_date('20-FEB-25','DD-MON-RR'),14);
Insert into USERDB.PROYECTOS (ID,NOMBRE,FECHA_INICIO,ID_CLIENTE) values (15,'Proyecto O',to_date('30-MAR-25','DD-MON-RR'),15);
Insert into USERDB.PROYECTOS (ID,NOMBRE,FECHA_INICIO,ID_CLIENTE) values (16,'Proyecto P',to_date('25-APR-25','DD-MON-RR'),16);
Insert into USERDB.PROYECTOS (ID,NOMBRE,FECHA_INICIO,ID_CLIENTE) values (17,'Proyecto Q',to_date('15-MAY-25','DD-MON-RR'),17);
Insert into USERDB.PROYECTOS (ID,NOMBRE,FECHA_INICIO,ID_CLIENTE) values (18,'Proyecto R',to_date('02-JUN-25','DD-MON-RR'),18);
Insert into USERDB.PROYECTOS (ID,NOMBRE,FECHA_INICIO,ID_CLIENTE) values (19,'Proyecto S',to_date('12-JUL-25','DD-MON-RR'),19);
Insert into USERDB.PROYECTOS (ID,NOMBRE,FECHA_INICIO,ID_CLIENTE) values (20,'Proyecto T',to_date('25-AUG-25','DD-MON-RR'),20);
REM INSERTING into USERDB.REPORTES
SET DEFINE OFF;
Insert into USERDB.REPORTES (ID,DEVELOPER_NAME,AVERAGE_RESOLUTION_TIME,CREATED) values (1,'Elsy',0,to_timestamp('01-DEC-24 08.22.51.737313000 PM','DD-MON-RR HH.MI.SSXFF AM'));
Insert into USERDB.REPORTES (ID,DEVELOPER_NAME,AVERAGE_RESOLUTION_TIME,CREATED) values (2,'Orly',1.0833333333333333333333333333333333333,to_timestamp('01-DEC-24 08.22.51.738187000 PM','DD-MON-RR HH.MI.SSXFF AM'));
Insert into USERDB.REPORTES (ID,DEVELOPER_NAME,AVERAGE_RESOLUTION_TIME,CREATED) values (3,'Mariquilla',0,to_timestamp('01-DEC-24 08.22.51.738260000 PM','DD-MON-RR HH.MI.SSXFF AM'));
Insert into USERDB.REPORTES (ID,DEVELOPER_NAME,AVERAGE_RESOLUTION_TIME,CREATED) values (4,'Tally',0,to_timestamp('01-DEC-24 08.22.51.738310000 PM','DD-MON-RR HH.MI.SSXFF AM'));
Insert into USERDB.REPORTES (ID,DEVELOPER_NAME,AVERAGE_RESOLUTION_TIME,CREATED) values (5,'Dar',0,to_timestamp('01-DEC-24 08.22.51.738357000 PM','DD-MON-RR HH.MI.SSXFF AM'));
Insert into USERDB.REPORTES (ID,DEVELOPER_NAME,AVERAGE_RESOLUTION_TIME,CREATED) values (6,'Deena',0,to_timestamp('01-DEC-24 08.22.51.738404000 PM','DD-MON-RR HH.MI.SSXFF AM'));
Insert into USERDB.REPORTES (ID,DEVELOPER_NAME,AVERAGE_RESOLUTION_TIME,CREATED) values (7,'Araldo',0,to_timestamp('01-DEC-24 08.22.51.738453000 PM','DD-MON-RR HH.MI.SSXFF AM'));
Insert into USERDB.REPORTES (ID,DEVELOPER_NAME,AVERAGE_RESOLUTION_TIME,CREATED) values (8,'Brose',0,to_timestamp('01-DEC-24 08.22.51.738569000 PM','DD-MON-RR HH.MI.SSXFF AM'));
Insert into USERDB.REPORTES (ID,DEVELOPER_NAME,AVERAGE_RESOLUTION_TIME,CREATED) values (9,'Andrej',1.125,to_timestamp('01-DEC-24 08.22.51.738668000 PM','DD-MON-RR HH.MI.SSXFF AM'));
Insert into USERDB.REPORTES (ID,DEVELOPER_NAME,AVERAGE_RESOLUTION_TIME,CREATED) values (10,'Flossy',0,to_timestamp('01-DEC-24 08.22.51.738731000 PM','DD-MON-RR HH.MI.SSXFF AM'));
Insert into USERDB.REPORTES (ID,DEVELOPER_NAME,AVERAGE_RESOLUTION_TIME,CREATED) values (11,'Harrison',0,to_timestamp('01-DEC-24 08.22.51.738778000 PM','DD-MON-RR HH.MI.SSXFF AM'));
Insert into USERDB.REPORTES (ID,DEVELOPER_NAME,AVERAGE_RESOLUTION_TIME,CREATED) values (12,'Melloney',1.0833333333333333333333333333333333333,to_timestamp('01-DEC-24 08.22.51.738830000 PM','DD-MON-RR HH.MI.SSXFF AM'));
Insert into USERDB.REPORTES (ID,DEVELOPER_NAME,AVERAGE_RESOLUTION_TIME,CREATED) values (13,'Renell',0,to_timestamp('01-DEC-24 08.22.51.738878000 PM','DD-MON-RR HH.MI.SSXFF AM'));
Insert into USERDB.REPORTES (ID,DEVELOPER_NAME,AVERAGE_RESOLUTION_TIME,CREATED) values (14,'Jenny',0,to_timestamp('01-DEC-24 08.22.51.738924000 PM','DD-MON-RR HH.MI.SSXFF AM'));
Insert into USERDB.REPORTES (ID,DEVELOPER_NAME,AVERAGE_RESOLUTION_TIME,CREATED) values (15,'Cchaddie',0,to_timestamp('01-DEC-24 08.22.51.738970000 PM','DD-MON-RR HH.MI.SSXFF AM'));
Insert into USERDB.REPORTES (ID,DEVELOPER_NAME,AVERAGE_RESOLUTION_TIME,CREATED) values (16,'Amity',0,to_timestamp('01-DEC-24 08.22.51.739016000 PM','DD-MON-RR HH.MI.SSXFF AM'));
Insert into USERDB.REPORTES (ID,DEVELOPER_NAME,AVERAGE_RESOLUTION_TIME,CREATED) values (17,'Tasia',0,to_timestamp('01-DEC-24 08.22.51.739062000 PM','DD-MON-RR HH.MI.SSXFF AM'));
Insert into USERDB.REPORTES (ID,DEVELOPER_NAME,AVERAGE_RESOLUTION_TIME,CREATED) values (18,'Bernie',0,to_timestamp('01-DEC-24 08.22.51.739109000 PM','DD-MON-RR HH.MI.SSXFF AM'));
Insert into USERDB.REPORTES (ID,DEVELOPER_NAME,AVERAGE_RESOLUTION_TIME,CREATED) values (19,'Kippie',0,to_timestamp('01-DEC-24 08.22.51.739155000 PM','DD-MON-RR HH.MI.SSXFF AM'));
Insert into USERDB.REPORTES (ID,DEVELOPER_NAME,AVERAGE_RESOLUTION_TIME,CREATED) values (20,'Ingar',1.1666666666666666666666666666666666667,to_timestamp('01-DEC-24 08.22.51.739205000 PM','DD-MON-RR HH.MI.SSXFF AM'));
Insert into USERDB.REPORTES (ID,DEVELOPER_NAME,AVERAGE_RESOLUTION_TIME,CREATED) values (21,'Merry',0,to_timestamp('01-DEC-24 08.22.51.739252000 PM','DD-MON-RR HH.MI.SSXFF AM'));
Insert into USERDB.REPORTES (ID,DEVELOPER_NAME,AVERAGE_RESOLUTION_TIME,CREATED) values (22,'Theda',0,to_timestamp('01-DEC-24 08.22.51.739461000 PM','DD-MON-RR HH.MI.SSXFF AM'));
Insert into USERDB.REPORTES (ID,DEVELOPER_NAME,AVERAGE_RESOLUTION_TIME,CREATED) values (23,'Deedee',0,to_timestamp('01-DEC-24 08.22.51.739511000 PM','DD-MON-RR HH.MI.SSXFF AM'));
Insert into USERDB.REPORTES (ID,DEVELOPER_NAME,AVERAGE_RESOLUTION_TIME,CREATED) values (24,'Westbrook',0,to_timestamp('01-DEC-24 08.22.51.739558000 PM','DD-MON-RR HH.MI.SSXFF AM'));
Insert into USERDB.REPORTES (ID,DEVELOPER_NAME,AVERAGE_RESOLUTION_TIME,CREATED) values (25,'Deni',0,to_timestamp('01-DEC-24 08.22.51.739605000 PM','DD-MON-RR HH.MI.SSXFF AM'));
Insert into USERDB.REPORTES (ID,DEVELOPER_NAME,AVERAGE_RESOLUTION_TIME,CREATED) values (26,'Blair',0,to_timestamp('01-DEC-24 08.22.51.739742000 PM','DD-MON-RR HH.MI.SSXFF AM'));
Insert into USERDB.REPORTES (ID,DEVELOPER_NAME,AVERAGE_RESOLUTION_TIME,CREATED) values (27,'Hervey',0,to_timestamp('01-DEC-24 08.22.51.739802000 PM','DD-MON-RR HH.MI.SSXFF AM'));
Insert into USERDB.REPORTES (ID,DEVELOPER_NAME,AVERAGE_RESOLUTION_TIME,CREATED) values (28,'Orelee',1.0833333333333333333333333333333333333,to_timestamp('01-DEC-24 08.22.51.739861000 PM','DD-MON-RR HH.MI.SSXFF AM'));
Insert into USERDB.REPORTES (ID,DEVELOPER_NAME,AVERAGE_RESOLUTION_TIME,CREATED) values (29,'Gavan',0,to_timestamp('01-DEC-24 08.22.51.739908000 PM','DD-MON-RR HH.MI.SSXFF AM'));
Insert into USERDB.REPORTES (ID,DEVELOPER_NAME,AVERAGE_RESOLUTION_TIME,CREATED) values (30,'Eddie',0,to_timestamp('01-DEC-24 08.22.51.739963000 PM','DD-MON-RR HH.MI.SSXFF AM'));
Insert into USERDB.REPORTES (ID,DEVELOPER_NAME,AVERAGE_RESOLUTION_TIME,CREATED) values (31,'Lennie',0,to_timestamp('01-DEC-24 08.22.51.740009000 PM','DD-MON-RR HH.MI.SSXFF AM'));
Insert into USERDB.REPORTES (ID,DEVELOPER_NAME,AVERAGE_RESOLUTION_TIME,CREATED) values (32,'Nani',1.0833333333333333333333333333333333333,to_timestamp('01-DEC-24 08.22.51.740060000 PM','DD-MON-RR HH.MI.SSXFF AM'));
Insert into USERDB.REPORTES (ID,DEVELOPER_NAME,AVERAGE_RESOLUTION_TIME,CREATED) values (33,'Ellwood',0,to_timestamp('01-DEC-24 08.22.51.740107000 PM','DD-MON-RR HH.MI.SSXFF AM'));
Insert into USERDB.REPORTES (ID,DEVELOPER_NAME,AVERAGE_RESOLUTION_TIME,CREATED) values (34,'Tobye',1.0833333333333333333333333333333333333,to_timestamp('01-DEC-24 08.22.51.740159000 PM','DD-MON-RR HH.MI.SSXFF AM'));
Insert into USERDB.REPORTES (ID,DEVELOPER_NAME,AVERAGE_RESOLUTION_TIME,CREATED) values (35,'Solomon',0,to_timestamp('01-DEC-24 08.22.51.740205000 PM','DD-MON-RR HH.MI.SSXFF AM'));
Insert into USERDB.REPORTES (ID,DEVELOPER_NAME,AVERAGE_RESOLUTION_TIME,CREATED) values (36,'Vittorio',0,to_timestamp('01-DEC-24 08.22.51.740251000 PM','DD-MON-RR HH.MI.SSXFF AM'));
Insert into USERDB.REPORTES (ID,DEVELOPER_NAME,AVERAGE_RESOLUTION_TIME,CREATED) values (37,'Bastian',0,to_timestamp('01-DEC-24 08.22.51.740298000 PM','DD-MON-RR HH.MI.SSXFF AM'));
Insert into USERDB.REPORTES (ID,DEVELOPER_NAME,AVERAGE_RESOLUTION_TIME,CREATED) values (38,'Rickey',0,to_timestamp('01-DEC-24 08.22.51.740344000 PM','DD-MON-RR HH.MI.SSXFF AM'));
Insert into USERDB.REPORTES (ID,DEVELOPER_NAME,AVERAGE_RESOLUTION_TIME,CREATED) values (39,'Michale',0,to_timestamp('01-DEC-24 08.22.51.740572000 PM','DD-MON-RR HH.MI.SSXFF AM'));
Insert into USERDB.REPORTES (ID,DEVELOPER_NAME,AVERAGE_RESOLUTION_TIME,CREATED) values (40,'Vere',0,to_timestamp('01-DEC-24 08.22.51.740667000 PM','DD-MON-RR HH.MI.SSXFF AM'));
Insert into USERDB.REPORTES (ID,DEVELOPER_NAME,AVERAGE_RESOLUTION_TIME,CREATED) values (41,'Lindy',0,to_timestamp('01-DEC-24 08.22.51.740730000 PM','DD-MON-RR HH.MI.SSXFF AM'));
Insert into USERDB.REPORTES (ID,DEVELOPER_NAME,AVERAGE_RESOLUTION_TIME,CREATED) values (42,'Domini',0,to_timestamp('01-DEC-24 08.22.51.740919000 PM','DD-MON-RR HH.MI.SSXFF AM'));
Insert into USERDB.REPORTES (ID,DEVELOPER_NAME,AVERAGE_RESOLUTION_TIME,CREATED) values (43,'Zeb',0,to_timestamp('01-DEC-24 08.22.51.740968000 PM','DD-MON-RR HH.MI.SSXFF AM'));
Insert into USERDB.REPORTES (ID,DEVELOPER_NAME,AVERAGE_RESOLUTION_TIME,CREATED) values (44,'Nadia',0,to_timestamp('01-DEC-24 08.22.51.741015000 PM','DD-MON-RR HH.MI.SSXFF AM'));
Insert into USERDB.REPORTES (ID,DEVELOPER_NAME,AVERAGE_RESOLUTION_TIME,CREATED) values (45,'Cross',0,to_timestamp('01-DEC-24 08.22.51.741062000 PM','DD-MON-RR HH.MI.SSXFF AM'));
Insert into USERDB.REPORTES (ID,DEVELOPER_NAME,AVERAGE_RESOLUTION_TIME,CREATED) values (46,'Virgil',1.2708333333333333333333333333333333333,to_timestamp('01-DEC-24 08.22.51.741116000 PM','DD-MON-RR HH.MI.SSXFF AM'));
Insert into USERDB.REPORTES (ID,DEVELOPER_NAME,AVERAGE_RESOLUTION_TIME,CREATED) values (47,'Audrie',0,to_timestamp('01-DEC-24 08.22.51.741163000 PM','DD-MON-RR HH.MI.SSXFF AM'));
Insert into USERDB.REPORTES (ID,DEVELOPER_NAME,AVERAGE_RESOLUTION_TIME,CREATED) values (48,'Nadiya',0,to_timestamp('01-DEC-24 08.22.51.741209000 PM','DD-MON-RR HH.MI.SSXFF AM'));
Insert into USERDB.REPORTES (ID,DEVELOPER_NAME,AVERAGE_RESOLUTION_TIME,CREATED) values (49,'Fan',0,to_timestamp('01-DEC-24 08.22.51.741256000 PM','DD-MON-RR HH.MI.SSXFF AM'));
Insert into USERDB.REPORTES (ID,DEVELOPER_NAME,AVERAGE_RESOLUTION_TIME,CREATED) values (50,'Lynnea',0,to_timestamp('01-DEC-24 08.22.51.741301000 PM','DD-MON-RR HH.MI.SSXFF AM'));
Insert into USERDB.REPORTES (ID,DEVELOPER_NAME,AVERAGE_RESOLUTION_TIME,CREATED) values (51,'Lem',1.1041666666666666666666666666666666667,to_timestamp('01-DEC-24 08.22.51.741422000 PM','DD-MON-RR HH.MI.SSXFF AM'));
Insert into USERDB.REPORTES (ID,DEVELOPER_NAME,AVERAGE_RESOLUTION_TIME,CREATED) values (52,'Ciro',0,to_timestamp('01-DEC-24 08.22.51.741483000 PM','DD-MON-RR HH.MI.SSXFF AM'));
Insert into USERDB.REPORTES (ID,DEVELOPER_NAME,AVERAGE_RESOLUTION_TIME,CREATED) values (53,'Letisha',0,to_timestamp('01-DEC-24 08.22.51.741532000 PM','DD-MON-RR HH.MI.SSXFF AM'));
Insert into USERDB.REPORTES (ID,DEVELOPER_NAME,AVERAGE_RESOLUTION_TIME,CREATED) values (54,'Timmie',0,to_timestamp('01-DEC-24 08.22.51.741579000 PM','DD-MON-RR HH.MI.SSXFF AM'));
Insert into USERDB.REPORTES (ID,DEVELOPER_NAME,AVERAGE_RESOLUTION_TIME,CREATED) values (55,'Cy',0,to_timestamp('01-DEC-24 08.22.51.741646000 PM','DD-MON-RR HH.MI.SSXFF AM'));
Insert into USERDB.REPORTES (ID,DEVELOPER_NAME,AVERAGE_RESOLUTION_TIME,CREATED) values (56,'Trudy',0,to_timestamp('01-DEC-24 08.22.51.741722000 PM','DD-MON-RR HH.MI.SSXFF AM'));
Insert into USERDB.REPORTES (ID,DEVELOPER_NAME,AVERAGE_RESOLUTION_TIME,CREATED) values (57,'Mel',0,to_timestamp('01-DEC-24 08.22.51.741772000 PM','DD-MON-RR HH.MI.SSXFF AM'));
Insert into USERDB.REPORTES (ID,DEVELOPER_NAME,AVERAGE_RESOLUTION_TIME,CREATED) values (58,'Ashli',0,to_timestamp('01-DEC-24 08.22.51.741818000 PM','DD-MON-RR HH.MI.SSXFF AM'));
Insert into USERDB.REPORTES (ID,DEVELOPER_NAME,AVERAGE_RESOLUTION_TIME,CREATED) values (59,'Karyn',0,to_timestamp('01-DEC-24 08.22.51.741872000 PM','DD-MON-RR HH.MI.SSXFF AM'));
Insert into USERDB.REPORTES (ID,DEVELOPER_NAME,AVERAGE_RESOLUTION_TIME,CREATED) values (60,'Cody',0,to_timestamp('01-DEC-24 08.22.51.741918000 PM','DD-MON-RR HH.MI.SSXFF AM'));
Insert into USERDB.REPORTES (ID,DEVELOPER_NAME,AVERAGE_RESOLUTION_TIME,CREATED) values (61,'Dinnie',0,to_timestamp('01-DEC-24 08.22.51.741964000 PM','DD-MON-RR HH.MI.SSXFF AM'));
Insert into USERDB.REPORTES (ID,DEVELOPER_NAME,AVERAGE_RESOLUTION_TIME,CREATED) values (62,'Merrielle',0,to_timestamp('01-DEC-24 08.22.51.742135000 PM','DD-MON-RR HH.MI.SSXFF AM'));
Insert into USERDB.REPORTES (ID,DEVELOPER_NAME,AVERAGE_RESOLUTION_TIME,CREATED) values (63,'Chaddy',0,to_timestamp('01-DEC-24 08.22.51.742183000 PM','DD-MON-RR HH.MI.SSXFF AM'));
Insert into USERDB.REPORTES (ID,DEVELOPER_NAME,AVERAGE_RESOLUTION_TIME,CREATED) values (64,'Ginger',0,to_timestamp('01-DEC-24 08.22.51.742238000 PM','DD-MON-RR HH.MI.SSXFF AM'));
Insert into USERDB.REPORTES (ID,DEVELOPER_NAME,AVERAGE_RESOLUTION_TIME,CREATED) values (65,'Freddie',1.09375,to_timestamp('01-DEC-24 08.22.51.742293000 PM','DD-MON-RR HH.MI.SSXFF AM'));
Insert into USERDB.REPORTES (ID,DEVELOPER_NAME,AVERAGE_RESOLUTION_TIME,CREATED) values (66,'Emmery',0,to_timestamp('01-DEC-24 08.22.51.742341000 PM','DD-MON-RR HH.MI.SSXFF AM'));
Insert into USERDB.REPORTES (ID,DEVELOPER_NAME,AVERAGE_RESOLUTION_TIME,CREATED) values (67,'Akim',0,to_timestamp('01-DEC-24 08.22.51.742388000 PM','DD-MON-RR HH.MI.SSXFF AM'));
Insert into USERDB.REPORTES (ID,DEVELOPER_NAME,AVERAGE_RESOLUTION_TIME,CREATED) values (68,'Niel',1.09375,to_timestamp('01-DEC-24 08.22.51.742438000 PM','DD-MON-RR HH.MI.SSXFF AM'));
Insert into USERDB.REPORTES (ID,DEVELOPER_NAME,AVERAGE_RESOLUTION_TIME,CREATED) values (69,'Deane',0,to_timestamp('01-DEC-24 08.22.51.742486000 PM','DD-MON-RR HH.MI.SSXFF AM'));
Insert into USERDB.REPORTES (ID,DEVELOPER_NAME,AVERAGE_RESOLUTION_TIME,CREATED) values (70,'Lexis',0,to_timestamp('01-DEC-24 08.22.51.742532000 PM','DD-MON-RR HH.MI.SSXFF AM'));
Insert into USERDB.REPORTES (ID,DEVELOPER_NAME,AVERAGE_RESOLUTION_TIME,CREATED) values (71,'Ulrick',0,to_timestamp('01-DEC-24 08.22.51.742578000 PM','DD-MON-RR HH.MI.SSXFF AM'));
Insert into USERDB.REPORTES (ID,DEVELOPER_NAME,AVERAGE_RESOLUTION_TIME,CREATED) values (72,'Arne',0,to_timestamp('01-DEC-24 08.22.51.742673000 PM','DD-MON-RR HH.MI.SSXFF AM'));
Insert into USERDB.REPORTES (ID,DEVELOPER_NAME,AVERAGE_RESOLUTION_TIME,CREATED) values (73,'Jonah',0,to_timestamp('01-DEC-24 08.22.51.742743000 PM','DD-MON-RR HH.MI.SSXFF AM'));
Insert into USERDB.REPORTES (ID,DEVELOPER_NAME,AVERAGE_RESOLUTION_TIME,CREATED) values (74,'Beverly',1.0833333333333333333333333333333333333,to_timestamp('01-DEC-24 08.22.51.742797000 PM','DD-MON-RR HH.MI.SSXFF AM'));
Insert into USERDB.REPORTES (ID,DEVELOPER_NAME,AVERAGE_RESOLUTION_TIME,CREATED) values (75,'Lamont',0,to_timestamp('01-DEC-24 08.22.51.742846000 PM','DD-MON-RR HH.MI.SSXFF AM'));
Insert into USERDB.REPORTES (ID,DEVELOPER_NAME,AVERAGE_RESOLUTION_TIME,CREATED) values (76,'Rawley',0,to_timestamp('01-DEC-24 08.22.51.742892000 PM','DD-MON-RR HH.MI.SSXFF AM'));
Insert into USERDB.REPORTES (ID,DEVELOPER_NAME,AVERAGE_RESOLUTION_TIME,CREATED) values (77,'Jayme',0,to_timestamp('01-DEC-24 08.22.51.742938000 PM','DD-MON-RR HH.MI.SSXFF AM'));
Insert into USERDB.REPORTES (ID,DEVELOPER_NAME,AVERAGE_RESOLUTION_TIME,CREATED) values (78,'Katleen',0,to_timestamp('01-DEC-24 08.22.51.742984000 PM','DD-MON-RR HH.MI.SSXFF AM'));
Insert into USERDB.REPORTES (ID,DEVELOPER_NAME,AVERAGE_RESOLUTION_TIME,CREATED) values (79,'Anjanette',0,to_timestamp('01-DEC-24 08.22.51.743029000 PM','DD-MON-RR HH.MI.SSXFF AM'));
Insert into USERDB.REPORTES (ID,DEVELOPER_NAME,AVERAGE_RESOLUTION_TIME,CREATED) values (80,'Dean',0,to_timestamp('01-DEC-24 08.22.51.743075000 PM','DD-MON-RR HH.MI.SSXFF AM'));
Insert into USERDB.REPORTES (ID,DEVELOPER_NAME,AVERAGE_RESOLUTION_TIME,CREATED) values (81,'Batsheva',0,to_timestamp('01-DEC-24 08.22.51.743281000 PM','DD-MON-RR HH.MI.SSXFF AM'));
Insert into USERDB.REPORTES (ID,DEVELOPER_NAME,AVERAGE_RESOLUTION_TIME,CREATED) values (82,'Byrann',1.1041666666666666666666666666666666667,to_timestamp('01-DEC-24 08.22.51.743467000 PM','DD-MON-RR HH.MI.SSXFF AM'));
Insert into USERDB.REPORTES (ID,DEVELOPER_NAME,AVERAGE_RESOLUTION_TIME,CREATED) values (83,'Bonnie',0,to_timestamp('01-DEC-24 08.22.51.743519000 PM','DD-MON-RR HH.MI.SSXFF AM'));
Insert into USERDB.REPORTES (ID,DEVELOPER_NAME,AVERAGE_RESOLUTION_TIME,CREATED) values (84,'Jeremiah',0,to_timestamp('01-DEC-24 08.22.51.743566000 PM','DD-MON-RR HH.MI.SSXFF AM'));
Insert into USERDB.REPORTES (ID,DEVELOPER_NAME,AVERAGE_RESOLUTION_TIME,CREATED) values (85,'Cacilia',0,to_timestamp('01-DEC-24 08.22.51.743612000 PM','DD-MON-RR HH.MI.SSXFF AM'));
Insert into USERDB.REPORTES (ID,DEVELOPER_NAME,AVERAGE_RESOLUTION_TIME,CREATED) values (86,'Marina',0,to_timestamp('01-DEC-24 08.22.51.743707000 PM','DD-MON-RR HH.MI.SSXFF AM'));
Insert into USERDB.REPORTES (ID,DEVELOPER_NAME,AVERAGE_RESOLUTION_TIME,CREATED) values (87,'Suki',0,to_timestamp('01-DEC-24 08.22.51.743774000 PM','DD-MON-RR HH.MI.SSXFF AM'));
Insert into USERDB.REPORTES (ID,DEVELOPER_NAME,AVERAGE_RESOLUTION_TIME,CREATED) values (88,'Hamlin',0,to_timestamp('01-DEC-24 08.22.51.743822000 PM','DD-MON-RR HH.MI.SSXFF AM'));
Insert into USERDB.REPORTES (ID,DEVELOPER_NAME,AVERAGE_RESOLUTION_TIME,CREATED) values (89,'Bucky',0,to_timestamp('01-DEC-24 08.22.51.743876000 PM','DD-MON-RR HH.MI.SSXFF AM'));
Insert into USERDB.REPORTES (ID,DEVELOPER_NAME,AVERAGE_RESOLUTION_TIME,CREATED) values (90,'Julienne',0,to_timestamp('01-DEC-24 08.22.51.743929000 PM','DD-MON-RR HH.MI.SSXFF AM'));
Insert into USERDB.REPORTES (ID,DEVELOPER_NAME,AVERAGE_RESOLUTION_TIME,CREATED) values (91,'Natala',0,to_timestamp('01-DEC-24 08.22.51.743975000 PM','DD-MON-RR HH.MI.SSXFF AM'));
Insert into USERDB.REPORTES (ID,DEVELOPER_NAME,AVERAGE_RESOLUTION_TIME,CREATED) values (92,'Leeann',0,to_timestamp('01-DEC-24 08.22.51.744021000 PM','DD-MON-RR HH.MI.SSXFF AM'));
Insert into USERDB.REPORTES (ID,DEVELOPER_NAME,AVERAGE_RESOLUTION_TIME,CREATED) values (93,'Blondell',0,to_timestamp('01-DEC-24 08.22.51.744067000 PM','DD-MON-RR HH.MI.SSXFF AM'));
Insert into USERDB.REPORTES (ID,DEVELOPER_NAME,AVERAGE_RESOLUTION_TIME,CREATED) values (94,'Marlee',0,to_timestamp('01-DEC-24 08.22.51.744113000 PM','DD-MON-RR HH.MI.SSXFF AM'));
Insert into USERDB.REPORTES (ID,DEVELOPER_NAME,AVERAGE_RESOLUTION_TIME,CREATED) values (95,'Darsie',0,to_timestamp('01-DEC-24 08.22.51.744159000 PM','DD-MON-RR HH.MI.SSXFF AM'));
Insert into USERDB.REPORTES (ID,DEVELOPER_NAME,AVERAGE_RESOLUTION_TIME,CREATED) values (96,'Valida',0,to_timestamp('01-DEC-24 08.22.51.744205000 PM','DD-MON-RR HH.MI.SSXFF AM'));
Insert into USERDB.REPORTES (ID,DEVELOPER_NAME,AVERAGE_RESOLUTION_TIME,CREATED) values (97,'Godiva',0,to_timestamp('01-DEC-24 08.22.51.744251000 PM','DD-MON-RR HH.MI.SSXFF AM'));
Insert into USERDB.REPORTES (ID,DEVELOPER_NAME,AVERAGE_RESOLUTION_TIME,CREATED) values (98,'Gan',1.0833333333333333333333333333333333333,to_timestamp('01-DEC-24 08.22.51.744304000 PM','DD-MON-RR HH.MI.SSXFF AM'));
Insert into USERDB.REPORTES (ID,DEVELOPER_NAME,AVERAGE_RESOLUTION_TIME,CREATED) values (99,'Madge',0,to_timestamp('01-DEC-24 08.22.51.744351000 PM','DD-MON-RR HH.MI.SSXFF AM'));
Insert into USERDB.REPORTES (ID,DEVELOPER_NAME,AVERAGE_RESOLUTION_TIME,CREATED) values (100,'Ailey',0,to_timestamp('01-DEC-24 08.22.51.744398000 PM','DD-MON-RR HH.MI.SSXFF AM'));
Insert into USERDB.REPORTES (ID,DEVELOPER_NAME,AVERAGE_RESOLUTION_TIME,CREATED) values (101,'Julita',0,to_timestamp('01-DEC-24 08.22.51.826023000 PM','DD-MON-RR HH.MI.SSXFF AM'));
Insert into USERDB.REPORTES (ID,DEVELOPER_NAME,AVERAGE_RESOLUTION_TIME,CREATED) values (102,'Danielle',0,to_timestamp('01-DEC-24 08.22.51.826304000 PM','DD-MON-RR HH.MI.SSXFF AM'));
Insert into USERDB.REPORTES (ID,DEVELOPER_NAME,AVERAGE_RESOLUTION_TIME,CREATED) values (103,'Nikita',0,to_timestamp('01-DEC-24 08.22.51.826358000 PM','DD-MON-RR HH.MI.SSXFF AM'));
Insert into USERDB.REPORTES (ID,DEVELOPER_NAME,AVERAGE_RESOLUTION_TIME,CREATED) values (104,'Etti',0,to_timestamp('01-DEC-24 08.22.51.826406000 PM','DD-MON-RR HH.MI.SSXFF AM'));
Insert into USERDB.REPORTES (ID,DEVELOPER_NAME,AVERAGE_RESOLUTION_TIME,CREATED) values (105,'Merralee',0,to_timestamp('01-DEC-24 08.22.51.826454000 PM','DD-MON-RR HH.MI.SSXFF AM'));
Insert into USERDB.REPORTES (ID,DEVELOPER_NAME,AVERAGE_RESOLUTION_TIME,CREATED) values (106,'Miles',0,to_timestamp('01-DEC-24 08.22.51.826529000 PM','DD-MON-RR HH.MI.SSXFF AM'));
Insert into USERDB.REPORTES (ID,DEVELOPER_NAME,AVERAGE_RESOLUTION_TIME,CREATED) values (107,'Lynda',0,to_timestamp('01-DEC-24 08.22.51.826577000 PM','DD-MON-RR HH.MI.SSXFF AM'));
Insert into USERDB.REPORTES (ID,DEVELOPER_NAME,AVERAGE_RESOLUTION_TIME,CREATED) values (108,'Marla',1.0833333333333333333333333333333333333,to_timestamp('01-DEC-24 08.22.51.826637000 PM','DD-MON-RR HH.MI.SSXFF AM'));
Insert into USERDB.REPORTES (ID,DEVELOPER_NAME,AVERAGE_RESOLUTION_TIME,CREATED) values (109,'Claudio',0,to_timestamp('01-DEC-24 08.22.51.826686000 PM','DD-MON-RR HH.MI.SSXFF AM'));
Insert into USERDB.REPORTES (ID,DEVELOPER_NAME,AVERAGE_RESOLUTION_TIME,CREATED) values (110,'Karmen',1.0833333333333333333333333333333333333,to_timestamp('01-DEC-24 08.22.51.826736000 PM','DD-MON-RR HH.MI.SSXFF AM'));
Insert into USERDB.REPORTES (ID,DEVELOPER_NAME,AVERAGE_RESOLUTION_TIME,CREATED) values (111,'Bucky',1.2708333333333333333333333333333333333,to_timestamp('01-DEC-24 08.22.51.827326000 PM','DD-MON-RR HH.MI.SSXFF AM'));
Insert into USERDB.REPORTES (ID,DEVELOPER_NAME,AVERAGE_RESOLUTION_TIME,CREATED) values (112,'Wileen',0,to_timestamp('01-DEC-24 08.22.51.827391000 PM','DD-MON-RR HH.MI.SSXFF AM'));
Insert into USERDB.REPORTES (ID,DEVELOPER_NAME,AVERAGE_RESOLUTION_TIME,CREATED) values (113,'Dianna',0,to_timestamp('01-DEC-24 08.22.51.827439000 PM','DD-MON-RR HH.MI.SSXFF AM'));
Insert into USERDB.REPORTES (ID,DEVELOPER_NAME,AVERAGE_RESOLUTION_TIME,CREATED) values (114,'Sheilakathryn',0,to_timestamp('01-DEC-24 08.22.51.827487000 PM','DD-MON-RR HH.MI.SSXFF AM'));
Insert into USERDB.REPORTES (ID,DEVELOPER_NAME,AVERAGE_RESOLUTION_TIME,CREATED) values (115,'Ami',0,to_timestamp('01-DEC-24 08.22.51.827533000 PM','DD-MON-RR HH.MI.SSXFF AM'));
Insert into USERDB.REPORTES (ID,DEVELOPER_NAME,AVERAGE_RESOLUTION_TIME,CREATED) values (116,'Bess',0,to_timestamp('01-DEC-24 08.22.51.827580000 PM','DD-MON-RR HH.MI.SSXFF AM'));
Insert into USERDB.REPORTES (ID,DEVELOPER_NAME,AVERAGE_RESOLUTION_TIME,CREATED) values (117,'Perle',1.0833333333333333333333333333333333333,to_timestamp('01-DEC-24 08.22.51.827633000 PM','DD-MON-RR HH.MI.SSXFF AM'));
Insert into USERDB.REPORTES (ID,DEVELOPER_NAME,AVERAGE_RESOLUTION_TIME,CREATED) values (118,'Sula',0,to_timestamp('01-DEC-24 08.22.51.827682000 PM','DD-MON-RR HH.MI.SSXFF AM'));
Insert into USERDB.REPORTES (ID,DEVELOPER_NAME,AVERAGE_RESOLUTION_TIME,CREATED) values (119,'Alyse',0,to_timestamp('01-DEC-24 08.22.51.827729000 PM','DD-MON-RR HH.MI.SSXFF AM'));
Insert into USERDB.REPORTES (ID,DEVELOPER_NAME,AVERAGE_RESOLUTION_TIME,CREATED) values (120,'Odetta',0,to_timestamp('01-DEC-24 08.22.51.827777000 PM','DD-MON-RR HH.MI.SSXFF AM'));
Insert into USERDB.REPORTES (ID,DEVELOPER_NAME,AVERAGE_RESOLUTION_TIME,CREATED) values (121,'Adele',0,to_timestamp('01-DEC-24 08.22.51.827824000 PM','DD-MON-RR HH.MI.SSXFF AM'));
Insert into USERDB.REPORTES (ID,DEVELOPER_NAME,AVERAGE_RESOLUTION_TIME,CREATED) values (122,'Wallis',0,to_timestamp('01-DEC-24 08.22.51.828100000 PM','DD-MON-RR HH.MI.SSXFF AM'));
Insert into USERDB.REPORTES (ID,DEVELOPER_NAME,AVERAGE_RESOLUTION_TIME,CREATED) values (123,'Eldridge',0,to_timestamp('01-DEC-24 08.22.51.828157000 PM','DD-MON-RR HH.MI.SSXFF AM'));
Insert into USERDB.REPORTES (ID,DEVELOPER_NAME,AVERAGE_RESOLUTION_TIME,CREATED) values (124,'Trey',0,to_timestamp('01-DEC-24 08.22.51.828204000 PM','DD-MON-RR HH.MI.SSXFF AM'));
Insert into USERDB.REPORTES (ID,DEVELOPER_NAME,AVERAGE_RESOLUTION_TIME,CREATED) values (125,'Deanna',0,to_timestamp('01-DEC-24 08.22.51.828251000 PM','DD-MON-RR HH.MI.SSXFF AM'));
Insert into USERDB.REPORTES (ID,DEVELOPER_NAME,AVERAGE_RESOLUTION_TIME,CREATED) values (126,'Perice',0,to_timestamp('01-DEC-24 08.22.51.828298000 PM','DD-MON-RR HH.MI.SSXFF AM'));
Insert into USERDB.REPORTES (ID,DEVELOPER_NAME,AVERAGE_RESOLUTION_TIME,CREATED) values (127,'Juline',0,to_timestamp('01-DEC-24 08.22.51.828344000 PM','DD-MON-RR HH.MI.SSXFF AM'));
Insert into USERDB.REPORTES (ID,DEVELOPER_NAME,AVERAGE_RESOLUTION_TIME,CREATED) values (128,'Arte',0,to_timestamp('01-DEC-24 08.22.51.828391000 PM','DD-MON-RR HH.MI.SSXFF AM'));
Insert into USERDB.REPORTES (ID,DEVELOPER_NAME,AVERAGE_RESOLUTION_TIME,CREATED) values (129,'Dav',0,to_timestamp('01-DEC-24 08.22.51.828445000 PM','DD-MON-RR HH.MI.SSXFF AM'));
Insert into USERDB.REPORTES (ID,DEVELOPER_NAME,AVERAGE_RESOLUTION_TIME,CREATED) values (130,'Tabatha',0,to_timestamp('01-DEC-24 08.22.51.828491000 PM','DD-MON-RR HH.MI.SSXFF AM'));
Insert into USERDB.REPORTES (ID,DEVELOPER_NAME,AVERAGE_RESOLUTION_TIME,CREATED) values (131,'Lou',0,to_timestamp('01-DEC-24 08.22.51.828538000 PM','DD-MON-RR HH.MI.SSXFF AM'));
Insert into USERDB.REPORTES (ID,DEVELOPER_NAME,AVERAGE_RESOLUTION_TIME,CREATED) values (132,'Brit',0,to_timestamp('01-DEC-24 08.22.51.828584000 PM','DD-MON-RR HH.MI.SSXFF AM'));
Insert into USERDB.REPORTES (ID,DEVELOPER_NAME,AVERAGE_RESOLUTION_TIME,CREATED) values (133,'Upton',1.0833333333333333333333333333333333333,to_timestamp('01-DEC-24 08.22.51.828637000 PM','DD-MON-RR HH.MI.SSXFF AM'));
Insert into USERDB.REPORTES (ID,DEVELOPER_NAME,AVERAGE_RESOLUTION_TIME,CREATED) values (134,'Arly',0,to_timestamp('01-DEC-24 08.22.51.828689000 PM','DD-MON-RR HH.MI.SSXFF AM'));
Insert into USERDB.REPORTES (ID,DEVELOPER_NAME,AVERAGE_RESOLUTION_TIME,CREATED) values (135,'Ethelin',0,to_timestamp('01-DEC-24 08.22.51.828736000 PM','DD-MON-RR HH.MI.SSXFF AM'));
Insert into USERDB.REPORTES (ID,DEVELOPER_NAME,AVERAGE_RESOLUTION_TIME,CREATED) values (136,'Brantley',0,to_timestamp('01-DEC-24 08.22.51.828783000 PM','DD-MON-RR HH.MI.SSXFF AM'));
Insert into USERDB.REPORTES (ID,DEVELOPER_NAME,AVERAGE_RESOLUTION_TIME,CREATED) values (137,'Carmel',0,to_timestamp('01-DEC-24 08.22.51.828829000 PM','DD-MON-RR HH.MI.SSXFF AM'));
Insert into USERDB.REPORTES (ID,DEVELOPER_NAME,AVERAGE_RESOLUTION_TIME,CREATED) values (138,'Vasili',0,to_timestamp('01-DEC-24 08.22.51.828921000 PM','DD-MON-RR HH.MI.SSXFF AM'));
Insert into USERDB.REPORTES (ID,DEVELOPER_NAME,AVERAGE_RESOLUTION_TIME,CREATED) values (139,'Colline',0,to_timestamp('01-DEC-24 08.22.51.828993000 PM','DD-MON-RR HH.MI.SSXFF AM'));
Insert into USERDB.REPORTES (ID,DEVELOPER_NAME,AVERAGE_RESOLUTION_TIME,CREATED) values (140,'Jaynell',0,to_timestamp('01-DEC-24 08.22.51.829049000 PM','DD-MON-RR HH.MI.SSXFF AM'));
Insert into USERDB.REPORTES (ID,DEVELOPER_NAME,AVERAGE_RESOLUTION_TIME,CREATED) values (141,'Ricard',0,to_timestamp('01-DEC-24 08.22.51.829095000 PM','DD-MON-RR HH.MI.SSXFF AM'));
Insert into USERDB.REPORTES (ID,DEVELOPER_NAME,AVERAGE_RESOLUTION_TIME,CREATED) values (142,'Link',0,to_timestamp('01-DEC-24 08.22.51.829263000 PM','DD-MON-RR HH.MI.SSXFF AM'));
Insert into USERDB.REPORTES (ID,DEVELOPER_NAME,AVERAGE_RESOLUTION_TIME,CREATED) values (143,'Bartram',0,to_timestamp('01-DEC-24 08.22.51.829313000 PM','DD-MON-RR HH.MI.SSXFF AM'));
Insert into USERDB.REPORTES (ID,DEVELOPER_NAME,AVERAGE_RESOLUTION_TIME,CREATED) values (144,'Sonny',0,to_timestamp('01-DEC-24 08.22.51.829360000 PM','DD-MON-RR HH.MI.SSXFF AM'));
Insert into USERDB.REPORTES (ID,DEVELOPER_NAME,AVERAGE_RESOLUTION_TIME,CREATED) values (145,'Lacey',0,to_timestamp('01-DEC-24 08.22.51.829408000 PM','DD-MON-RR HH.MI.SSXFF AM'));
Insert into USERDB.REPORTES (ID,DEVELOPER_NAME,AVERAGE_RESOLUTION_TIME,CREATED) values (146,'Joyous',0,to_timestamp('01-DEC-24 08.22.51.829454000 PM','DD-MON-RR HH.MI.SSXFF AM'));
Insert into USERDB.REPORTES (ID,DEVELOPER_NAME,AVERAGE_RESOLUTION_TIME,CREATED) values (147,'Tallie',0,to_timestamp('01-DEC-24 08.22.51.829500000 PM','DD-MON-RR HH.MI.SSXFF AM'));
REM INSERTING into USERDB.REPORTE_INCIDENCIAS_PRIORIDAD
SET DEFINE OFF;
Insert into USERDB.REPORTE_INCIDENCIAS_PRIORIDAD (ID,PRIORIDAD_NOMBRE,TOTAL_INCIDENCIAS,CREATED) values (1,'Alta',2,to_timestamp('03-DEC-24 01.20.01.000000000 AM','DD-MON-RR HH.MI.SSXFF AM'));
Insert into USERDB.REPORTE_INCIDENCIAS_PRIORIDAD (ID,PRIORIDAD_NOMBRE,TOTAL_INCIDENCIAS,CREATED) values (2,'Crítica',2,to_timestamp('03-DEC-24 01.20.01.000000000 AM','DD-MON-RR HH.MI.SSXFF AM'));
Insert into USERDB.REPORTE_INCIDENCIAS_PRIORIDAD (ID,PRIORIDAD_NOMBRE,TOTAL_INCIDENCIAS,CREATED) values (3,'Media',3,to_timestamp('03-DEC-24 01.20.01.000000000 AM','DD-MON-RR HH.MI.SSXFF AM'));
Insert into USERDB.REPORTE_INCIDENCIAS_PRIORIDAD (ID,PRIORIDAD_NOMBRE,TOTAL_INCIDENCIAS,CREATED) values (4,'Baja',3,to_timestamp('03-DEC-24 01.20.01.000000000 AM','DD-MON-RR HH.MI.SSXFF AM'));
REM INSERTING into USERDB.USUARIOS
SET DEFINE OFF;
Insert into USERDB.USUARIOS (ID,NOMBRE,URL_IMAGEN,CORREO,CONTRASENHA) values (281,'Petr','http://dummyimage.com/240x100.png/dddddd/000000','pgoodlad7s@360.cn','ZnT5mL2Xp37V8Kq');
Insert into USERDB.USUARIOS (ID,NOMBRE,URL_IMAGEN,CORREO,CONTRASENHA) values (282,'Elsy','http://dummyimage.com/108x100.png/cc0000/ffffff','emusso7t@netvibes.com','L3n5VZq9K2m7XpT');
Insert into USERDB.USUARIOS (ID,NOMBRE,URL_IMAGEN,CORREO,CONTRASENHA) values (283,'Rees','http://dummyimage.com/174x100.png/5fa2dd/ffffff','rhodinton7u@admin.ch','qXm82V5nT9m4Z3L');
Insert into USERDB.USUARIOS (ID,NOMBRE,URL_IMAGEN,CORREO,CONTRASENHA) values (284,'Orly','http://dummyimage.com/205x100.png/ff4444/ffffff','otantrum7v@admin.ch','VZ2m9XpT7L8n3Kq');
Insert into USERDB.USUARIOS (ID,NOMBRE,URL_IMAGEN,CORREO,CONTRASENHA) values (285,'Sela','http://dummyimage.com/206x100.png/ff4444/ffffff','scollete7w@mozilla.com','L9VXpT2n5Z8K37m');
Insert into USERDB.USUARIOS (ID,NOMBRE,URL_IMAGEN,CORREO,CONTRASENHA) values (286,'Mariquilla','http://dummyimage.com/125x100.png/5fa2dd/ffffff','mtunniclisse7x@unc.edu','XpT7qZL5Vn9m38K');
Insert into USERDB.USUARIOS (ID,NOMBRE,URL_IMAGEN,CORREO,CONTRASENHA) values (287,'Arline','http://dummyimage.com/217x100.png/ff4444/ffffff','amacandrew7y@networkadvertising.org','Zn3V7KqT8L2Xp5m');
Insert into USERDB.USUARIOS (ID,NOMBRE,URL_IMAGEN,CORREO,CONTRASENHA) values (288,'Tally','http://dummyimage.com/211x100.png/cc0000/ffffff','thuerta7z@alexa.com','Kq9mT5L37Zn82Xp');
Insert into USERDB.USUARIOS (ID,NOMBRE,URL_IMAGEN,CORREO,CONTRASENHA) values (289,'Fallon','http://dummyimage.com/107x100.png/5fa2dd/ffffff','fbundey80@sohu.com','T5m9L3VZ82Kq7nXp');
Insert into USERDB.USUARIOS (ID,NOMBRE,URL_IMAGEN,CORREO,CONTRASENHA) values (290,'Dar','http://dummyimage.com/179x100.png/ff4444/ffffff','dwichard81@blogger.com','nXpVZ5qL2K7T3m8');
Insert into USERDB.USUARIOS (ID,NOMBRE,URL_IMAGEN,CORREO,CONTRASENHA) values (291,'Shena','http://dummyimage.com/170x100.png/ff4444/ffffff','sjohnikin82@soup.io','q9m3nXp7VZ5KL8T');
Insert into USERDB.USUARIOS (ID,NOMBRE,URL_IMAGEN,CORREO,CONTRASENHA) values (292,'Deena','http://dummyimage.com/219x100.png/ff4444/ffffff','dvautrey83@blinklist.com','m7nXp9T5V2ZKL3q');
Insert into USERDB.USUARIOS (ID,NOMBRE,URL_IMAGEN,CORREO,CONTRASENHA) values (293,'Marga','http://dummyimage.com/217x100.png/ff4444/ffffff','mdaud84@godaddy.com','Vq9mX7L5T3Zn82K');
Insert into USERDB.USUARIOS (ID,NOMBRE,URL_IMAGEN,CORREO,CONTRASENHA) values (294,'Araldo','http://dummyimage.com/139x100.png/5fa2dd/ffffff','atroni85@theglobeandmail.com','qT8nL3Xm9VZ5K7m');
Insert into USERDB.USUARIOS (ID,NOMBRE,URL_IMAGEN,CORREO,CONTRASENHA) values (295,'Christi','http://dummyimage.com/152x100.png/cc0000/ffffff','cjurewicz86@squidoo.com','Xm7T9nL5qV2ZK3m');
Insert into USERDB.USUARIOS (ID,NOMBRE,URL_IMAGEN,CORREO,CONTRASENHA) values (296,'Brose','http://dummyimage.com/142x100.png/cc0000/ffffff','bsproston87@columbia.edu','VZnq5T3L9mK7Xp8');
Insert into USERDB.USUARIOS (ID,NOMBRE,URL_IMAGEN,CORREO,CONTRASENHA) values (297,'Hartwell','http://dummyimage.com/210x100.png/5fa2dd/ffffff','hlewcock88@guardian.co.uk','q9L3VZ5KXm7T82n');
Insert into USERDB.USUARIOS (ID,NOMBRE,URL_IMAGEN,CORREO,CONTRASENHA) values (298,'Andrej','http://dummyimage.com/132x100.png/5fa2dd/ffffff','alaybourn89@last.fm','VXmL3nZ5q8K9T7m');
Insert into USERDB.USUARIOS (ID,NOMBRE,URL_IMAGEN,CORREO,CONTRASENHA) values (299,'Aldis','http://dummyimage.com/208x100.png/cc0000/ffffff','aquarless8a@gizmodo.com','mL7nT9Kq5V82Z3Xp');
Insert into USERDB.USUARIOS (ID,NOMBRE,URL_IMAGEN,CORREO,CONTRASENHA) values (300,'Karel','http://dummyimage.com/179x100.png/5fa2dd/ffffff','kbloxland8b@weibo.com','VZ5K7TnLm93Xp82q');
Insert into USERDB.USUARIOS (ID,NOMBRE,URL_IMAGEN,CORREO,CONTRASENHA) values (1,'Kailey','http://dummyimage.com/147x100.png/dddddd/000000','kautry0@telegraph.co.uk','P7mZ2gLx3aVq49F');
Insert into USERDB.USUARIOS (ID,NOMBRE,URL_IMAGEN,CORREO,CONTRASENHA) values (2,'Flossy','http://dummyimage.com/100x100.png/ff4444/ffffff','fmcgowan1@kickstarter.com','XmL72Qd8nTYp36K');
Insert into USERDB.USUARIOS (ID,NOMBRE,URL_IMAGEN,CORREO,CONTRASENHA) values (3,'Penelopa','http://dummyimage.com/134x100.png/dddddd/000000','pcrayker2@youtu.be','Zp4nXw37MvL82gJ');
Insert into USERDB.USUARIOS (ID,NOMBRE,URL_IMAGEN,CORREO,CONTRASENHA) values (4,'Harrison','http://dummyimage.com/217x100.png/cc0000/ffffff','hdawdry3@weather.com','T5vR8KqL32Xm9Nz');
Insert into USERDB.USUARIOS (ID,NOMBRE,URL_IMAGEN,CORREO,CONTRASENHA) values (5,'Jessi','http://dummyimage.com/206x100.png/5fa2dd/ffffff','jcroux4@npr.org','V3mYnKZ84XpTq65');
Insert into USERDB.USUARIOS (ID,NOMBRE,URL_IMAGEN,CORREO,CONTRASENHA) values (6,'Melloney','http://dummyimage.com/239x100.png/dddddd/000000','mdunsire5@tamu.edu','Lw92XMpT4Kv37nZ');
Insert into USERDB.USUARIOS (ID,NOMBRE,URL_IMAGEN,CORREO,CONTRASENHA) values (7,'Nikki','http://dummyimage.com/135x100.png/5fa2dd/ffffff','njorez6@prweb.com','KqZ48YmT5Xp36Ln');
Insert into USERDB.USUARIOS (ID,NOMBRE,URL_IMAGEN,CORREO,CONTRASENHA) values (8,'Renell','http://dummyimage.com/202x100.png/dddddd/000000','rtenman7@g.co','Xp37VnTq49L2KmZ');
Insert into USERDB.USUARIOS (ID,NOMBRE,URL_IMAGEN,CORREO,CONTRASENHA) values (9,'Matthus','http://dummyimage.com/177x100.png/5fa2dd/ffffff','mbentley8@amazon.de','ZnL8KqX5V3m72Tp');
Insert into USERDB.USUARIOS (ID,NOMBRE,URL_IMAGEN,CORREO,CONTRASENHA) values (10,'Jenny','http://dummyimage.com/218x100.png/cc0000/ffffff','jbaillie9@upenn.edu','L2mXqK95T37p8nZ');
Insert into USERDB.USUARIOS (ID,NOMBRE,URL_IMAGEN,CORREO,CONTRASENHA) values (11,'Bay','http://dummyimage.com/232x100.png/dddddd/000000','broseborougha@noaa.gov','Tp82L3Vn4XmZ5Kq');
Insert into USERDB.USUARIOS (ID,NOMBRE,URL_IMAGEN,CORREO,CONTRASENHA) values (12,'Cchaddie','http://dummyimage.com/121x100.png/ff4444/ffffff','cnewcomeb@hugedomains.com','n9KZ3XmL45p72Vq');
Insert into USERDB.USUARIOS (ID,NOMBRE,URL_IMAGEN,CORREO,CONTRASENHA) values (13,'Renelle','http://dummyimage.com/121x100.png/ff4444/ffffff','rjermeyc@constantcontact.com','K5V7nT82L4qXmZ3');
Insert into USERDB.USUARIOS (ID,NOMBRE,URL_IMAGEN,CORREO,CONTRASENHA) values (14,'Amity','http://dummyimage.com/218x100.png/dddddd/000000','ajunkisond@bluehost.com','XpT9m3V2KZ4nL85');
Insert into USERDB.USUARIOS (ID,NOMBRE,URL_IMAGEN,CORREO,CONTRASENHA) values (15,'Janetta','http://dummyimage.com/204x100.png/dddddd/000000','jfilmere@bloglines.com','TpXm37Z9L82V5nq');
Insert into USERDB.USUARIOS (ID,NOMBRE,URL_IMAGEN,CORREO,CONTRASENHA) values (16,'Tasia','http://dummyimage.com/181x100.png/5fa2dd/ffffff','tscottingf@qq.com','ZnT5mL2Xp37V8Kq');
Insert into USERDB.USUARIOS (ID,NOMBRE,URL_IMAGEN,CORREO,CONTRASENHA) values (17,'Nickie','http://dummyimage.com/162x100.png/ff4444/ffffff','ntownsg@zdnet.com','L3n5VZq9K2m7XpT');
Insert into USERDB.USUARIOS (ID,NOMBRE,URL_IMAGEN,CORREO,CONTRASENHA) values (18,'Bernie','http://dummyimage.com/159x100.png/ff4444/ffffff','bidellh@livejournal.com','qXm82V5nT9m4Z3L');
Insert into USERDB.USUARIOS (ID,NOMBRE,URL_IMAGEN,CORREO,CONTRASENHA) values (19,'Leslie','http://dummyimage.com/156x100.png/ff4444/ffffff','lgummeryi@fda.gov','VZ2m9XpT7L8n3Kq');
Insert into USERDB.USUARIOS (ID,NOMBRE,URL_IMAGEN,CORREO,CONTRASENHA) values (20,'Kippie','http://dummyimage.com/216x100.png/dddddd/000000','kdenverj@sphinn.com','L9VXpT2n5Z8K37m');
Insert into USERDB.USUARIOS (ID,NOMBRE,URL_IMAGEN,CORREO,CONTRASENHA) values (21,'Kathryne','http://dummyimage.com/223x100.png/dddddd/000000','kkilgrovek@sitemeter.com','XpT7qZL5Vn9m38K');
Insert into USERDB.USUARIOS (ID,NOMBRE,URL_IMAGEN,CORREO,CONTRASENHA) values (22,'Ingar','http://dummyimage.com/250x100.png/5fa2dd/ffffff','icastiglionil@plala.or.jp','Zn3V7KqT8L2Xp5m');
Insert into USERDB.USUARIOS (ID,NOMBRE,URL_IMAGEN,CORREO,CONTRASENHA) values (23,'Taber','http://dummyimage.com/131x100.png/ff4444/ffffff','tdutteridgem@china.com.cn','Kq9mT5L37Zn82Xp');
Insert into USERDB.USUARIOS (ID,NOMBRE,URL_IMAGEN,CORREO,CONTRASENHA) values (24,'Merry','http://dummyimage.com/215x100.png/5fa2dd/ffffff','miresonn@stanford.edu','T5m9L3VZ82Kq7nXp');
Insert into USERDB.USUARIOS (ID,NOMBRE,URL_IMAGEN,CORREO,CONTRASENHA) values (25,'Annelise','http://dummyimage.com/158x100.png/5fa2dd/ffffff','amcaleeseo@intel.com','nXpVZ5qL2K7T3m8');
Insert into USERDB.USUARIOS (ID,NOMBRE,URL_IMAGEN,CORREO,CONTRASENHA) values (26,'Theda','http://dummyimage.com/164x100.png/ff4444/ffffff','tashbep@cnet.com','q9m3nXp7VZ5KL8T');
Insert into USERDB.USUARIOS (ID,NOMBRE,URL_IMAGEN,CORREO,CONTRASENHA) values (27,'Deanna','http://dummyimage.com/159x100.png/ff4444/ffffff','ddunstanq@jiathis.com','m7nXp9T5V2ZKL3q');
Insert into USERDB.USUARIOS (ID,NOMBRE,URL_IMAGEN,CORREO,CONTRASENHA) values (28,'Deedee','http://dummyimage.com/157x100.png/dddddd/000000','dhaggithr@example.com','Vq9mX7L5T3Zn82K');
Insert into USERDB.USUARIOS (ID,NOMBRE,URL_IMAGEN,CORREO,CONTRASENHA) values (29,'Dallon','http://dummyimage.com/246x100.png/5fa2dd/ffffff','dwishers@quantcast.com','qT8nL3Xm9VZ5K7m');
Insert into USERDB.USUARIOS (ID,NOMBRE,URL_IMAGEN,CORREO,CONTRASENHA) values (30,'Westbrook','http://dummyimage.com/188x100.png/ff4444/ffffff','wmoreingt@statcounter.com','Xm7T9nL5qV2ZK3m');
Insert into USERDB.USUARIOS (ID,NOMBRE,URL_IMAGEN,CORREO,CONTRASENHA) values (31,'Nathanial','http://dummyimage.com/148x100.png/5fa2dd/ffffff','nrapelliu@mashable.com','VZnq5T3L9mK7Xp8');
Insert into USERDB.USUARIOS (ID,NOMBRE,URL_IMAGEN,CORREO,CONTRASENHA) values (32,'Deni','http://dummyimage.com/227x100.png/5fa2dd/ffffff','dlapadulav@springer.com','q9L3VZ5KXm7T82n');
Insert into USERDB.USUARIOS (ID,NOMBRE,URL_IMAGEN,CORREO,CONTRASENHA) values (33,'Meg','http://dummyimage.com/128x100.png/dddddd/000000','mdownsew@usa.gov','VXmL3nZ5q8K9T7m');
Insert into USERDB.USUARIOS (ID,NOMBRE,URL_IMAGEN,CORREO,CONTRASENHA) values (34,'Blair','http://dummyimage.com/133x100.png/ff4444/ffffff','bbartusekx@desdev.cn','mL7nT9Kq5V82Z3Xp');
Insert into USERDB.USUARIOS (ID,NOMBRE,URL_IMAGEN,CORREO,CONTRASENHA) values (35,'Janis','http://dummyimage.com/223x100.png/cc0000/ffffff','jjillitty@ameblo.jp','VZ5K7TnLm93Xp82q');
Insert into USERDB.USUARIOS (ID,NOMBRE,URL_IMAGEN,CORREO,CONTRASENHA) values (36,'Hervey','http://dummyimage.com/141x100.png/5fa2dd/ffffff','hpensonz@china.com.cn','TpXmL3n7KqV9Z85');
Insert into USERDB.USUARIOS (ID,NOMBRE,URL_IMAGEN,CORREO,CONTRASENHA) values (37,'Gilburt','http://dummyimage.com/175x100.png/ff4444/ffffff','gtournie10@pagesperso-orange.fr','Xp9L3T7nZKq5mV82');
Insert into USERDB.USUARIOS (ID,NOMBRE,URL_IMAGEN,CORREO,CONTRASENHA) values (38,'Orelee','http://dummyimage.com/162x100.png/dddddd/000000','olocksley11@gravatar.com','VXmZ5K9n3T7Lm82q');
Insert into USERDB.USUARIOS (ID,NOMBRE,URL_IMAGEN,CORREO,CONTRASENHA) values (39,'Elena','http://dummyimage.com/129x100.png/cc0000/ffffff','elepine12@ucoz.ru','TpXm7KZL5V9n3q82');
Insert into USERDB.USUARIOS (ID,NOMBRE,URL_IMAGEN,CORREO,CONTRASENHA) values (40,'Gavan','http://dummyimage.com/116x100.png/cc0000/ffffff','gbroe13@mapy.cz','Xp9nL7m3KqZ5T82V');
Insert into USERDB.USUARIOS (ID,NOMBRE,URL_IMAGEN,CORREO,CONTRASENHA) values (41,'Amber','http://dummyimage.com/144x100.png/ff4444/ffffff','asinnett14@wired.com','Xm9qT5VZ3nK7Lp82');
Insert into USERDB.USUARIOS (ID,NOMBRE,URL_IMAGEN,CORREO,CONTRASENHA) values (42,'Eddie','http://dummyimage.com/150x100.png/5fa2dd/ffffff','epetrolli15@alibaba.com','KqXmT3nVZ9mL5p72');
Insert into USERDB.USUARIOS (ID,NOMBRE,URL_IMAGEN,CORREO,CONTRASENHA) values (43,'Tobit','http://dummyimage.com/151x100.png/ff4444/ffffff','twaters16@about.me','mVnL2qT5K9Z7Xp83');
Insert into USERDB.USUARIOS (ID,NOMBRE,URL_IMAGEN,CORREO,CONTRASENHA) values (44,'Lennie','http://dummyimage.com/207x100.png/ff4444/ffffff','lcherryman17@seattletimes.com','qT9K7nXpZ5Lm3V82');
Insert into USERDB.USUARIOS (ID,NOMBRE,URL_IMAGEN,CORREO,CONTRASENHA) values (45,'Monro','http://dummyimage.com/230x100.png/cc0000/ffffff','mbradfield18@feedburner.com','Z5Lm9TqKXp3Vn7m82');
Insert into USERDB.USUARIOS (ID,NOMBRE,URL_IMAGEN,CORREO,CONTRASENHA) values (46,'Nani','http://dummyimage.com/206x100.png/cc0000/ffffff','npolfer19@sohu.com','nXp3VZ5L7q9mK82T');
Insert into USERDB.USUARIOS (ID,NOMBRE,URL_IMAGEN,CORREO,CONTRASENHA) values (47,'Claudine','http://dummyimage.com/133x100.png/5fa2dd/ffffff','cbarks1a@house.gov','T9mV5Lq7KXpZ3n82');
Insert into USERDB.USUARIOS (ID,NOMBRE,URL_IMAGEN,CORREO,CONTRASENHA) values (48,'Ellwood','http://dummyimage.com/142x100.png/5fa2dd/ffffff','evasilmanov1b@fema.gov','L9T7KXmVq5nZ3m82');
Insert into USERDB.USUARIOS (ID,NOMBRE,URL_IMAGEN,CORREO,CONTRASENHA) values (49,'Prentice','http://dummyimage.com/166x100.png/cc0000/ffffff','plonghorn1c@issuu.com','nXm7L3T9Vq5ZK82m');
Insert into USERDB.USUARIOS (ID,NOMBRE,URL_IMAGEN,CORREO,CONTRASENHA) values (50,'Tobye','http://dummyimage.com/173x100.png/5fa2dd/ffffff','tamanger1d@trellian.com','m5n7qZ9T3VXpK82L');
Insert into USERDB.USUARIOS (ID,NOMBRE,URL_IMAGEN,CORREO,CONTRASENHA) values (51,'Tito','http://dummyimage.com/238x100.png/5fa2dd/ffffff','tdecoursey1e@usda.gov','qZ7nXmL9m3T5V82K');
Insert into USERDB.USUARIOS (ID,NOMBRE,URL_IMAGEN,CORREO,CONTRASENHA) values (52,'Solomon','http://dummyimage.com/136x100.png/dddddd/000000','sedis1f@de.vu','KZL9V5Tn7mXp3q82');
Insert into USERDB.USUARIOS (ID,NOMBRE,URL_IMAGEN,CORREO,CONTRASENHA) values (53,'Tess','http://dummyimage.com/106x100.png/dddddd/000000','trist1g@shinystat.com','m3T5ZK9n7Lp82VqX');
Insert into USERDB.USUARIOS (ID,NOMBRE,URL_IMAGEN,CORREO,CONTRASENHA) values (54,'Vittorio','http://dummyimage.com/246x100.png/5fa2dd/ffffff','vbrian1h@nps.gov','Vn7qL9mXpKZ5T3m82');
Insert into USERDB.USUARIOS (ID,NOMBRE,URL_IMAGEN,CORREO,CONTRASENHA) values (55,'Manny','http://dummyimage.com/226x100.png/dddddd/000000','mflude1i@wikia.com','P7mZ2gLx3aVq49F');
Insert into USERDB.USUARIOS (ID,NOMBRE,URL_IMAGEN,CORREO,CONTRASENHA) values (56,'Bastian','http://dummyimage.com/217x100.png/ff4444/ffffff','bbrandi1j@cmu.edu','XmL72Qd8nTYp36K');
Insert into USERDB.USUARIOS (ID,NOMBRE,URL_IMAGEN,CORREO,CONTRASENHA) values (57,'Valentia','http://dummyimage.com/222x100.png/ff4444/ffffff','vrougier1k@ning.com','Zp4nXw37MvL82gJ');
Insert into USERDB.USUARIOS (ID,NOMBRE,URL_IMAGEN,CORREO,CONTRASENHA) values (58,'Rickey','http://dummyimage.com/209x100.png/cc0000/ffffff','rhulland1l@ucsd.edu','T5vR8KqL32Xm9Nz');
Insert into USERDB.USUARIOS (ID,NOMBRE,URL_IMAGEN,CORREO,CONTRASENHA) values (59,'Rafa','http://dummyimage.com/183x100.png/dddddd/000000','rmacmurray1m@timesonline.co.uk','V3mYnKZ84XpTq65');
Insert into USERDB.USUARIOS (ID,NOMBRE,URL_IMAGEN,CORREO,CONTRASENHA) values (60,'Michale','http://dummyimage.com/159x100.png/dddddd/000000','mcapozzi1n@arizona.edu','Lw92XMpT4Kv37nZ');
Insert into USERDB.USUARIOS (ID,NOMBRE,URL_IMAGEN,CORREO,CONTRASENHA) values (61,'Yevette','http://dummyimage.com/228x100.png/dddddd/000000','ytomkys1o@ucoz.com','KqZ48YmT5Xp36Ln');
Insert into USERDB.USUARIOS (ID,NOMBRE,URL_IMAGEN,CORREO,CONTRASENHA) values (62,'Vere','http://dummyimage.com/209x100.png/cc0000/ffffff','vertel1p@techcrunch.com','Xp37VnTq49L2KmZ');
Insert into USERDB.USUARIOS (ID,NOMBRE,URL_IMAGEN,CORREO,CONTRASENHA) values (63,'Mamie','http://dummyimage.com/216x100.png/ff4444/ffffff','mmadre1q@behance.net','ZnL8KqX5V3m72Tp');
Insert into USERDB.USUARIOS (ID,NOMBRE,URL_IMAGEN,CORREO,CONTRASENHA) values (64,'Lindy','http://dummyimage.com/250x100.png/cc0000/ffffff','lblizard1r@google.it','L2mXqK95T37p8nZ');
Insert into USERDB.USUARIOS (ID,NOMBRE,URL_IMAGEN,CORREO,CONTRASENHA) values (65,'Floyd','http://dummyimage.com/169x100.png/dddddd/000000','fswatland1s@pagesperso-orange.fr','Tp82L3Vn4XmZ5Kq');
Insert into USERDB.USUARIOS (ID,NOMBRE,URL_IMAGEN,CORREO,CONTRASENHA) values (66,'Domini','http://dummyimage.com/104x100.png/ff4444/ffffff','dwaterstone1t@indiegogo.com','n9KZ3XmL45p72Vq');
Insert into USERDB.USUARIOS (ID,NOMBRE,URL_IMAGEN,CORREO,CONTRASENHA) values (67,'Dani','http://dummyimage.com/245x100.png/cc0000/ffffff','dbraxay1u@nyu.edu','K5V7nT82L4qXmZ3');
Insert into USERDB.USUARIOS (ID,NOMBRE,URL_IMAGEN,CORREO,CONTRASENHA) values (68,'Zeb','http://dummyimage.com/179x100.png/ff4444/ffffff','znelligan1v@wix.com','XpT9m3V2KZ4nL85');
Insert into USERDB.USUARIOS (ID,NOMBRE,URL_IMAGEN,CORREO,CONTRASENHA) values (69,'Boone','http://dummyimage.com/148x100.png/cc0000/ffffff','bpolson1w@acquirethisname.com','TpXm37Z9L82V5nq');
Insert into USERDB.USUARIOS (ID,NOMBRE,URL_IMAGEN,CORREO,CONTRASENHA) values (70,'Nadia','http://dummyimage.com/225x100.png/cc0000/ffffff','ncuffe1x@t-online.de','ZnT5mL2Xp37V8Kq');
Insert into USERDB.USUARIOS (ID,NOMBRE,URL_IMAGEN,CORREO,CONTRASENHA) values (71,'Christyna','http://dummyimage.com/189x100.png/cc0000/ffffff','cmcgiffin1y@odnoklassniki.ru','L3n5VZq9K2m7XpT');
Insert into USERDB.USUARIOS (ID,NOMBRE,URL_IMAGEN,CORREO,CONTRASENHA) values (72,'Cross','http://dummyimage.com/119x100.png/cc0000/ffffff','cgonzalvo1z@cpanel.net','qXm82V5nT9m4Z3L');
Insert into USERDB.USUARIOS (ID,NOMBRE,URL_IMAGEN,CORREO,CONTRASENHA) values (73,'Constantine','http://dummyimage.com/156x100.png/ff4444/ffffff','csidery20@wp.com','VZ2m9XpT7L8n3Kq');
Insert into USERDB.USUARIOS (ID,NOMBRE,URL_IMAGEN,CORREO,CONTRASENHA) values (74,'Virgil','http://dummyimage.com/151x100.png/cc0000/ffffff','viskov21@dailymotion.com','L9VXpT2n5Z8K37m');
Insert into USERDB.USUARIOS (ID,NOMBRE,URL_IMAGEN,CORREO,CONTRASENHA) values (75,'Elissa','http://dummyimage.com/250x100.png/5fa2dd/ffffff','ereally22@bloomberg.com','XpT7qZL5Vn9m38K');
Insert into USERDB.USUARIOS (ID,NOMBRE,URL_IMAGEN,CORREO,CONTRASENHA) values (76,'Audrie','http://dummyimage.com/202x100.png/ff4444/ffffff','ameckiff23@webeden.co.uk','Zn3V7KqT8L2Xp5m');
Insert into USERDB.USUARIOS (ID,NOMBRE,URL_IMAGEN,CORREO,CONTRASENHA) values (77,'Johnna','http://dummyimage.com/182x100.png/5fa2dd/ffffff','jluxen24@e-recht24.de','Kq9mT5L37Zn82Xp');
Insert into USERDB.USUARIOS (ID,NOMBRE,URL_IMAGEN,CORREO,CONTRASENHA) values (78,'Nadiya','http://dummyimage.com/203x100.png/5fa2dd/ffffff','ntringham25@prlog.org','T5m9L3VZ82Kq7nXp');
Insert into USERDB.USUARIOS (ID,NOMBRE,URL_IMAGEN,CORREO,CONTRASENHA) values (79,'Hewet','http://dummyimage.com/209x100.png/ff4444/ffffff','hperico26@plala.or.jp','nXpVZ5qL2K7T3m8');
Insert into USERDB.USUARIOS (ID,NOMBRE,URL_IMAGEN,CORREO,CONTRASENHA) values (80,'Fan','http://dummyimage.com/161x100.png/cc0000/ffffff','fpattison27@nature.com','q9m3nXp7VZ5KL8T');
Insert into USERDB.USUARIOS (ID,NOMBRE,URL_IMAGEN,CORREO,CONTRASENHA) values (81,'Yance','http://dummyimage.com/153x100.png/dddddd/000000','ycalvert28@earthlink.net','m7nXp9T5V2ZKL3q');
Insert into USERDB.USUARIOS (ID,NOMBRE,URL_IMAGEN,CORREO,CONTRASENHA) values (82,'Lynnea','http://dummyimage.com/108x100.png/cc0000/ffffff','lchasmor29@accuweather.com','Vq9mX7L5T3Zn82K');
Insert into USERDB.USUARIOS (ID,NOMBRE,URL_IMAGEN,CORREO,CONTRASENHA) values (83,'Waylon','http://dummyimage.com/120x100.png/cc0000/ffffff','wberetta2a@nbcnews.com','qT8nL3Xm9VZ5K7m');
Insert into USERDB.USUARIOS (ID,NOMBRE,URL_IMAGEN,CORREO,CONTRASENHA) values (84,'Lem','http://dummyimage.com/161x100.png/5fa2dd/ffffff','lhobbert2b@sogou.com','Xm7T9nL5qV2ZK3m');
Insert into USERDB.USUARIOS (ID,NOMBRE,URL_IMAGEN,CORREO,CONTRASENHA) values (85,'Cally','http://dummyimage.com/129x100.png/dddddd/000000','csegoe2c@miibeian.gov.cn','VZnq5T3L9mK7Xp8');
Insert into USERDB.USUARIOS (ID,NOMBRE,URL_IMAGEN,CORREO,CONTRASENHA) values (86,'Ciro','http://dummyimage.com/249x100.png/dddddd/000000','cbagguley2d@posterous.com','q9L3VZ5KXm7T82n');
Insert into USERDB.USUARIOS (ID,NOMBRE,URL_IMAGEN,CORREO,CONTRASENHA) values (87,'Noella','http://dummyimage.com/177x100.png/cc0000/ffffff','ntarbath2e@google.fr','VXmL3nZ5q8K9T7m');
Insert into USERDB.USUARIOS (ID,NOMBRE,URL_IMAGEN,CORREO,CONTRASENHA) values (88,'Letisha','http://dummyimage.com/175x100.png/5fa2dd/ffffff','lmacgillicuddy2f@accuweather.com','mL7nT9Kq5V82Z3Xp');
Insert into USERDB.USUARIOS (ID,NOMBRE,URL_IMAGEN,CORREO,CONTRASENHA) values (89,'Abraham','http://dummyimage.com/194x100.png/dddddd/000000','aaveline2g@typepad.com','VZ5K7TnLm93Xp82q');
Insert into USERDB.USUARIOS (ID,NOMBRE,URL_IMAGEN,CORREO,CONTRASENHA) values (90,'Timmie','http://dummyimage.com/212x100.png/5fa2dd/ffffff','tmurrum2h@ox.ac.uk','TpXmL3n7KqV9Z85');
Insert into USERDB.USUARIOS (ID,NOMBRE,URL_IMAGEN,CORREO,CONTRASENHA) values (91,'Cosetta','http://dummyimage.com/196x100.png/dddddd/000000','cattenburrow2i@cargocollective.com','Xp9L3T7nZKq5mV82');
Insert into USERDB.USUARIOS (ID,NOMBRE,URL_IMAGEN,CORREO,CONTRASENHA) values (92,'Cy','http://dummyimage.com/133x100.png/cc0000/ffffff','ckilgannon2j@issuu.com','VXmZ5K9n3T7Lm82q');
Insert into USERDB.USUARIOS (ID,NOMBRE,URL_IMAGEN,CORREO,CONTRASENHA) values (93,'Emalee','http://dummyimage.com/216x100.png/5fa2dd/ffffff','ebrahms2k@parallels.com','TpXm7KZL5V9n3q82');
Insert into USERDB.USUARIOS (ID,NOMBRE,URL_IMAGEN,CORREO,CONTRASENHA) values (94,'Trudy','http://dummyimage.com/236x100.png/dddddd/000000','tvreiberg2l@china.com.cn','Xp9nL7m3KqZ5T82V');
Insert into USERDB.USUARIOS (ID,NOMBRE,URL_IMAGEN,CORREO,CONTRASENHA) values (95,'Ingaborg','http://dummyimage.com/173x100.png/5fa2dd/ffffff','ifallow2m@example.com','Xm9qT5VZ3nK7Lp82');
Insert into USERDB.USUARIOS (ID,NOMBRE,URL_IMAGEN,CORREO,CONTRASENHA) values (96,'Mel','http://dummyimage.com/130x100.png/ff4444/ffffff','maubert2n@technorati.com','KqXmT3nVZ9mL5p72');
Insert into USERDB.USUARIOS (ID,NOMBRE,URL_IMAGEN,CORREO,CONTRASENHA) values (97,'Dania','http://dummyimage.com/199x100.png/ff4444/ffffff','dhesser2o@purevolume.com','mVnL2qT5K9Z7Xp83');
Insert into USERDB.USUARIOS (ID,NOMBRE,URL_IMAGEN,CORREO,CONTRASENHA) values (98,'Ashli','http://dummyimage.com/245x100.png/dddddd/000000','atubble2p@un.org','qT9K7nXpZ5Lm3V82');
Insert into USERDB.USUARIOS (ID,NOMBRE,URL_IMAGEN,CORREO,CONTRASENHA) values (99,'Evin','http://dummyimage.com/249x100.png/dddddd/000000','eleathes2q@google.ca','Z5Lm9TqKXp3Vn7m82');
Insert into USERDB.USUARIOS (ID,NOMBRE,URL_IMAGEN,CORREO,CONTRASENHA) values (100,'Kippar','http://dummyimage.com/240x100.png/ff4444/ffffff','karmitt2r@networksolutions.com','nXp3VZ5L7q9mK82T');
Insert into USERDB.USUARIOS (ID,NOMBRE,URL_IMAGEN,CORREO,CONTRASENHA) values (101,'Tallulah','http://dummyimage.com/213x100.png/cc0000/ffffff','twoollam2s@theatlantic.com','T9mV5Lq7KXpZ3n82');
Insert into USERDB.USUARIOS (ID,NOMBRE,URL_IMAGEN,CORREO,CONTRASENHA) values (102,'Karyn','http://dummyimage.com/151x100.png/ff4444/ffffff','kdoogan2t@indiatimes.com','L9T7KXmVq5nZ3m82');
Insert into USERDB.USUARIOS (ID,NOMBRE,URL_IMAGEN,CORREO,CONTRASENHA) values (103,'Jessalyn','http://dummyimage.com/240x100.png/cc0000/ffffff','jaime2u@google.com.au','nXm7L3T9Vq5ZK82m');
Insert into USERDB.USUARIOS (ID,NOMBRE,URL_IMAGEN,CORREO,CONTRASENHA) values (104,'Cody','http://dummyimage.com/172x100.png/dddddd/000000','ccarr2v@goodreads.com','m5n7qZ9T3VXpK82L');
Insert into USERDB.USUARIOS (ID,NOMBRE,URL_IMAGEN,CORREO,CONTRASENHA) values (105,'Susannah','http://dummyimage.com/206x100.png/5fa2dd/ffffff','sbrasseur2w@e-recht24.de','qZ7nXmL9m3T5V82K');
Insert into USERDB.USUARIOS (ID,NOMBRE,URL_IMAGEN,CORREO,CONTRASENHA) values (106,'Dinnie','http://dummyimage.com/249x100.png/ff4444/ffffff','dmaffia2x@redcross.org','KZL9V5Tn7mXp3q82');
Insert into USERDB.USUARIOS (ID,NOMBRE,URL_IMAGEN,CORREO,CONTRASENHA) values (107,'Andie','http://dummyimage.com/165x100.png/5fa2dd/ffffff','acotty2y@eepurl.com','m3T5ZK9n7Lp82VqX');
Insert into USERDB.USUARIOS (ID,NOMBRE,URL_IMAGEN,CORREO,CONTRASENHA) values (108,'Merrielle','http://dummyimage.com/140x100.png/ff4444/ffffff','moxburgh2z@addtoany.com','P7mZ2gLx3aVq49F');
Insert into USERDB.USUARIOS (ID,NOMBRE,URL_IMAGEN,CORREO,CONTRASENHA) values (109,'Marietta','http://dummyimage.com/215x100.png/dddddd/000000','mpaulat30@angelfire.com','XmL72Qd8nTYp36K');
Insert into USERDB.USUARIOS (ID,NOMBRE,URL_IMAGEN,CORREO,CONTRASENHA) values (110,'Chaddy','http://dummyimage.com/249x100.png/5fa2dd/ffffff','cdunnet31@sun.com','Zp4nXw37MvL82gJ');
Insert into USERDB.USUARIOS (ID,NOMBRE,URL_IMAGEN,CORREO,CONTRASENHA) values (111,'Lidia','http://dummyimage.com/195x100.png/dddddd/000000','lprettyjohn32@wired.com','T5vR8KqL32Xm9Nz');
Insert into USERDB.USUARIOS (ID,NOMBRE,URL_IMAGEN,CORREO,CONTRASENHA) values (112,'Ginger','http://dummyimage.com/205x100.png/dddddd/000000','gocodihie33@zdnet.com','V3mYnKZ84XpTq65');
Insert into USERDB.USUARIOS (ID,NOMBRE,URL_IMAGEN,CORREO,CONTRASENHA) values (113,'Mariette','http://dummyimage.com/163x100.png/dddddd/000000','mbotte34@phoca.cz','Lw92XMpT4Kv37nZ');
Insert into USERDB.USUARIOS (ID,NOMBRE,URL_IMAGEN,CORREO,CONTRASENHA) values (114,'Freddie','http://dummyimage.com/116x100.png/ff4444/ffffff','fkruszelnicki35@w3.org','KqZ48YmT5Xp36Ln');
Insert into USERDB.USUARIOS (ID,NOMBRE,URL_IMAGEN,CORREO,CONTRASENHA) values (115,'Crissy','http://dummyimage.com/223x100.png/ff4444/ffffff','csked36@gnu.org','Xp37VnTq49L2KmZ');
Insert into USERDB.USUARIOS (ID,NOMBRE,URL_IMAGEN,CORREO,CONTRASENHA) values (116,'Emmery','http://dummyimage.com/191x100.png/ff4444/ffffff','esimionato37@aol.com','ZnL8KqX5V3m72Tp');
Insert into USERDB.USUARIOS (ID,NOMBRE,URL_IMAGEN,CORREO,CONTRASENHA) values (117,'Cordula','http://dummyimage.com/168x100.png/ff4444/ffffff','cpollitt38@uol.com.br','L2mXqK95T37p8nZ');
Insert into USERDB.USUARIOS (ID,NOMBRE,URL_IMAGEN,CORREO,CONTRASENHA) values (118,'Akim','http://dummyimage.com/120x100.png/5fa2dd/ffffff','agrube39@google.co.uk','Tp82L3Vn4XmZ5Kq');
Insert into USERDB.USUARIOS (ID,NOMBRE,URL_IMAGEN,CORREO,CONTRASENHA) values (119,'Tracy','http://dummyimage.com/147x100.png/cc0000/ffffff','tvigors3a@posterous.com','n9KZ3XmL45p72Vq');
Insert into USERDB.USUARIOS (ID,NOMBRE,URL_IMAGEN,CORREO,CONTRASENHA) values (120,'Niel','http://dummyimage.com/247x100.png/ff4444/ffffff','nkinchley3b@cpanel.net','K5V7nT82L4qXmZ3');
Insert into USERDB.USUARIOS (ID,NOMBRE,URL_IMAGEN,CORREO,CONTRASENHA) values (121,'Caril','http://dummyimage.com/214x100.png/ff4444/ffffff','cagglione3c@wsj.com','XpT9m3V2KZ4nL85');
Insert into USERDB.USUARIOS (ID,NOMBRE,URL_IMAGEN,CORREO,CONTRASENHA) values (122,'Deane','http://dummyimage.com/155x100.png/ff4444/ffffff','dcheeney3d@bloomberg.com','TpXm37Z9L82V5nq');
Insert into USERDB.USUARIOS (ID,NOMBRE,URL_IMAGEN,CORREO,CONTRASENHA) values (123,'Noel','http://dummyimage.com/219x100.png/ff4444/ffffff','npaullin3e@bbb.org','ZnT5mL2Xp37V8Kq');
Insert into USERDB.USUARIOS (ID,NOMBRE,URL_IMAGEN,CORREO,CONTRASENHA) values (124,'Lexis','http://dummyimage.com/138x100.png/dddddd/000000','lmerchant3f@dmoz.org','L3n5VZq9K2m7XpT');
Insert into USERDB.USUARIOS (ID,NOMBRE,URL_IMAGEN,CORREO,CONTRASENHA) values (125,'Alethea','http://dummyimage.com/213x100.png/cc0000/ffffff','awickliffe3g@rambler.ru','qXm82V5nT9m4Z3L');
Insert into USERDB.USUARIOS (ID,NOMBRE,URL_IMAGEN,CORREO,CONTRASENHA) values (126,'Ulrick','http://dummyimage.com/164x100.png/5fa2dd/ffffff','uyurevich3h@nasa.gov','VZ2m9XpT7L8n3Kq');
Insert into USERDB.USUARIOS (ID,NOMBRE,URL_IMAGEN,CORREO,CONTRASENHA) values (127,'Franky','http://dummyimage.com/232x100.png/dddddd/000000','fwinspear3i@cnn.com','L9VXpT2n5Z8K37m');
Insert into USERDB.USUARIOS (ID,NOMBRE,URL_IMAGEN,CORREO,CONTRASENHA) values (128,'Arne','http://dummyimage.com/133x100.png/dddddd/000000','alortzing3j@digg.com','XpT7qZL5Vn9m38K');
Insert into USERDB.USUARIOS (ID,NOMBRE,URL_IMAGEN,CORREO,CONTRASENHA) values (129,'Cherri','http://dummyimage.com/108x100.png/cc0000/ffffff','cpetzold3k@hp.com','Zn3V7KqT8L2Xp5m');
Insert into USERDB.USUARIOS (ID,NOMBRE,URL_IMAGEN,CORREO,CONTRASENHA) values (130,'Jonah','http://dummyimage.com/200x100.png/5fa2dd/ffffff','jgorrissen3l@is.gd','Kq9mT5L37Zn82Xp');
Insert into USERDB.USUARIOS (ID,NOMBRE,URL_IMAGEN,CORREO,CONTRASENHA) values (131,'Jenn','http://dummyimage.com/234x100.png/dddddd/000000','jblaszkiewicz3m@abc.net.au','T5m9L3VZ82Kq7nXp');
Insert into USERDB.USUARIOS (ID,NOMBRE,URL_IMAGEN,CORREO,CONTRASENHA) values (132,'Beverly','http://dummyimage.com/158x100.png/dddddd/000000','bshovelton3n@baidu.com','nXpVZ5qL2K7T3m8');
Insert into USERDB.USUARIOS (ID,NOMBRE,URL_IMAGEN,CORREO,CONTRASENHA) values (133,'Quinlan','http://dummyimage.com/170x100.png/cc0000/ffffff','qgrangier3o@cloudflare.com','q9m3nXp7VZ5KL8T');
Insert into USERDB.USUARIOS (ID,NOMBRE,URL_IMAGEN,CORREO,CONTRASENHA) values (134,'Lamont','http://dummyimage.com/249x100.png/cc0000/ffffff','labisetti3p@uiuc.edu','m7nXp9T5V2ZKL3q');
Insert into USERDB.USUARIOS (ID,NOMBRE,URL_IMAGEN,CORREO,CONTRASENHA) values (135,'Irv','http://dummyimage.com/131x100.png/cc0000/ffffff','iklimt3q@istockphoto.com','Vq9mX7L5T3Zn82K');
Insert into USERDB.USUARIOS (ID,NOMBRE,URL_IMAGEN,CORREO,CONTRASENHA) values (136,'Rawley','http://dummyimage.com/189x100.png/ff4444/ffffff','rspellissy3r@sitemeter.com','qT8nL3Xm9VZ5K7m');
Insert into USERDB.USUARIOS (ID,NOMBRE,URL_IMAGEN,CORREO,CONTRASENHA) values (137,'Charlena','http://dummyimage.com/191x100.png/5fa2dd/ffffff','clerego3s@sfgate.com','Xm7T9nL5qV2ZK3m');
Insert into USERDB.USUARIOS (ID,NOMBRE,URL_IMAGEN,CORREO,CONTRASENHA) values (138,'Jayme','http://dummyimage.com/186x100.png/5fa2dd/ffffff','jvassar3t@dedecms.com','VZnq5T3L9mK7Xp8');
Insert into USERDB.USUARIOS (ID,NOMBRE,URL_IMAGEN,CORREO,CONTRASENHA) values (139,'Brion','http://dummyimage.com/177x100.png/cc0000/ffffff','bdeverick3u@blogtalkradio.com','q9L3VZ5KXm7T82n');
Insert into USERDB.USUARIOS (ID,NOMBRE,URL_IMAGEN,CORREO,CONTRASENHA) values (140,'Katleen','http://dummyimage.com/152x100.png/5fa2dd/ffffff','kdytham3v@virginia.edu','VXmL3nZ5q8K9T7m');
Insert into USERDB.USUARIOS (ID,NOMBRE,URL_IMAGEN,CORREO,CONTRASENHA) values (141,'Orren','http://dummyimage.com/185x100.png/5fa2dd/ffffff','oceely3w@toplist.cz','mL7nT9Kq5V82Z3Xp');
Insert into USERDB.USUARIOS (ID,NOMBRE,URL_IMAGEN,CORREO,CONTRASENHA) values (142,'Anjanette','http://dummyimage.com/120x100.png/dddddd/000000','atrangmar3x@merriam-webster.com','VZ5K7TnLm93Xp82q');
Insert into USERDB.USUARIOS (ID,NOMBRE,URL_IMAGEN,CORREO,CONTRASENHA) values (143,'Leoine','http://dummyimage.com/196x100.png/ff4444/ffffff','lkmietsch3y@webs.com','TpXmL3n7KqV9Z85');
Insert into USERDB.USUARIOS (ID,NOMBRE,URL_IMAGEN,CORREO,CONTRASENHA) values (144,'Dean','http://dummyimage.com/224x100.png/ff4444/ffffff','dgors3z@myspace.com','Xp9L3T7nZKq5mV82');
Insert into USERDB.USUARIOS (ID,NOMBRE,URL_IMAGEN,CORREO,CONTRASENHA) values (145,'Mariana','http://dummyimage.com/104x100.png/5fa2dd/ffffff','mnottingam40@bing.com','VXmZ5K9n3T7Lm82q');
Insert into USERDB.USUARIOS (ID,NOMBRE,URL_IMAGEN,CORREO,CONTRASENHA) values (146,'Batsheva','http://dummyimage.com/244x100.png/5fa2dd/ffffff','bcritchell41@weather.com','TpXm7KZL5V9n3q82');
Insert into USERDB.USUARIOS (ID,NOMBRE,URL_IMAGEN,CORREO,CONTRASENHA) values (147,'Jordain','http://dummyimage.com/197x100.png/ff4444/ffffff','jgerraty42@shutterfly.com','Xp9nL7m3KqZ5T82V');
Insert into USERDB.USUARIOS (ID,NOMBRE,URL_IMAGEN,CORREO,CONTRASENHA) values (148,'Byrann','http://dummyimage.com/134x100.png/cc0000/ffffff','bconyers43@stumbleupon.com','Xm9qT5VZ3nK7Lp82');
Insert into USERDB.USUARIOS (ID,NOMBRE,URL_IMAGEN,CORREO,CONTRASENHA) values (149,'Avril','http://dummyimage.com/246x100.png/dddddd/000000','aironside44@1688.com','KqXmT3nVZ9mL5p72');
Insert into USERDB.USUARIOS (ID,NOMBRE,URL_IMAGEN,CORREO,CONTRASENHA) values (150,'Bonnie','http://dummyimage.com/248x100.png/cc0000/ffffff','blamport45@youku.com','mVnL2qT5K9Z7Xp83');
Insert into USERDB.USUARIOS (ID,NOMBRE,URL_IMAGEN,CORREO,CONTRASENHA) values (151,'Kristel','http://dummyimage.com/100x100.png/ff4444/ffffff','kkrzysztof46@zdnet.com','qT9K7nXpZ5Lm3V82');
Insert into USERDB.USUARIOS (ID,NOMBRE,URL_IMAGEN,CORREO,CONTRASENHA) values (152,'Jeremiah','http://dummyimage.com/102x100.png/5fa2dd/ffffff','jsimmonds47@hugedomains.com','Z5Lm9TqKXp3Vn7m82');
Insert into USERDB.USUARIOS (ID,NOMBRE,URL_IMAGEN,CORREO,CONTRASENHA) values (153,'Shelley','http://dummyimage.com/220x100.png/ff4444/ffffff','spoolman48@google.ca','nXp3VZ5L7q9mK82T');
Insert into USERDB.USUARIOS (ID,NOMBRE,URL_IMAGEN,CORREO,CONTRASENHA) values (154,'Cacilia','http://dummyimage.com/244x100.png/5fa2dd/ffffff','causello49@deviantart.com','T9mV5Lq7KXpZ3n82');
Insert into USERDB.USUARIOS (ID,NOMBRE,URL_IMAGEN,CORREO,CONTRASENHA) values (155,'Ronica','http://dummyimage.com/122x100.png/dddddd/000000','rruseworth4a@gnu.org','L9T7KXmVq5nZ3m82');
Insert into USERDB.USUARIOS (ID,NOMBRE,URL_IMAGEN,CORREO,CONTRASENHA) values (156,'Marina','http://dummyimage.com/190x100.png/5fa2dd/ffffff','mfattorini4b@mac.com','nXm7L3T9Vq5ZK82m');
Insert into USERDB.USUARIOS (ID,NOMBRE,URL_IMAGEN,CORREO,CONTRASENHA) values (157,'Ewell','http://dummyimage.com/175x100.png/dddddd/000000','elebang4c@fastcompany.com','m5n7qZ9T3VXpK82L');
Insert into USERDB.USUARIOS (ID,NOMBRE,URL_IMAGEN,CORREO,CONTRASENHA) values (158,'Suki','http://dummyimage.com/206x100.png/5fa2dd/ffffff','srollitt4d@free.fr','qZ7nXmL9m3T5V82K');
Insert into USERDB.USUARIOS (ID,NOMBRE,URL_IMAGEN,CORREO,CONTRASENHA) values (159,'Sybil','http://dummyimage.com/240x100.png/cc0000/ffffff','sangric4e@yellowpages.com','KZL9V5Tn7mXp3q82');
Insert into USERDB.USUARIOS (ID,NOMBRE,URL_IMAGEN,CORREO,CONTRASENHA) values (160,'Hamlin','http://dummyimage.com/180x100.png/dddddd/000000','hmarquez4f@theglobeandmail.com','P7mZ2gLx3aVq49F');
Insert into USERDB.USUARIOS (ID,NOMBRE,URL_IMAGEN,CORREO,CONTRASENHA) values (161,'Corinna','http://dummyimage.com/215x100.png/cc0000/ffffff','cburnyate4g@google.com','XmL72Qd8nTYp36K');
Insert into USERDB.USUARIOS (ID,NOMBRE,URL_IMAGEN,CORREO,CONTRASENHA) values (162,'Bucky','http://dummyimage.com/141x100.png/cc0000/ffffff','btorns4h@yahoo.co.jp','Zp4nXw37MvL82gJ');
Insert into USERDB.USUARIOS (ID,NOMBRE,URL_IMAGEN,CORREO,CONTRASENHA) values (163,'Annalee','http://dummyimage.com/195x100.png/cc0000/ffffff','agoman4i@wikispaces.com','T5vR8KqL32Xm9Nz');
Insert into USERDB.USUARIOS (ID,NOMBRE,URL_IMAGEN,CORREO,CONTRASENHA) values (164,'Julienne','http://dummyimage.com/175x100.png/cc0000/ffffff','jtwitchings4j@sogou.com','V3mYnKZ84XpTq65');
Insert into USERDB.USUARIOS (ID,NOMBRE,URL_IMAGEN,CORREO,CONTRASENHA) values (165,'Kathrine','http://dummyimage.com/191x100.png/dddddd/000000','ktilley4k@surveymonkey.com','Lw92XMpT4Kv37nZ');
Insert into USERDB.USUARIOS (ID,NOMBRE,URL_IMAGEN,CORREO,CONTRASENHA) values (166,'Natala','http://dummyimage.com/241x100.png/ff4444/ffffff','nimort4l@nhs.uk','KqZ48YmT5Xp36Ln');
Insert into USERDB.USUARIOS (ID,NOMBRE,URL_IMAGEN,CORREO,CONTRASENHA) values (167,'Elaine','http://dummyimage.com/145x100.png/5fa2dd/ffffff','egrima4m@dailymotion.com','Xp37VnTq49L2KmZ');
Insert into USERDB.USUARIOS (ID,NOMBRE,URL_IMAGEN,CORREO,CONTRASENHA) values (168,'Leeann','http://dummyimage.com/130x100.png/5fa2dd/ffffff','lgreenfield4n@godaddy.com','ZnL8KqX5V3m72Tp');
Insert into USERDB.USUARIOS (ID,NOMBRE,URL_IMAGEN,CORREO,CONTRASENHA) values (169,'Willetta','http://dummyimage.com/141x100.png/dddddd/000000','wbrik4o@flavors.me','L2mXqK95T37p8nZ');
Insert into USERDB.USUARIOS (ID,NOMBRE,URL_IMAGEN,CORREO,CONTRASENHA) values (170,'Blondell','http://dummyimage.com/245x100.png/ff4444/ffffff','bminshaw4p@seattletimes.com','Tp82L3Vn4XmZ5Kq');
Insert into USERDB.USUARIOS (ID,NOMBRE,URL_IMAGEN,CORREO,CONTRASENHA) values (171,'Pet','http://dummyimage.com/153x100.png/ff4444/ffffff','pbigrigg4q@jimdo.com','n9KZ3XmL45p72Vq');
Insert into USERDB.USUARIOS (ID,NOMBRE,URL_IMAGEN,CORREO,CONTRASENHA) values (172,'Marlee','http://dummyimage.com/140x100.png/5fa2dd/ffffff','mkingdon4r@blogs.com','K5V7nT82L4qXmZ3');
Insert into USERDB.USUARIOS (ID,NOMBRE,URL_IMAGEN,CORREO,CONTRASENHA) values (173,'Wilbert','http://dummyimage.com/118x100.png/ff4444/ffffff','wcoller4s@prnewswire.com','XpT9m3V2KZ4nL85');
Insert into USERDB.USUARIOS (ID,NOMBRE,URL_IMAGEN,CORREO,CONTRASENHA) values (174,'Darsie','http://dummyimage.com/245x100.png/5fa2dd/ffffff','dbursnell4t@chronoengine.com','TpXm37Z9L82V5nq');
Insert into USERDB.USUARIOS (ID,NOMBRE,URL_IMAGEN,CORREO,CONTRASENHA) values (175,'Ignacio','http://dummyimage.com/179x100.png/cc0000/ffffff','iiacomettii4u@nature.com','ZnT5mL2Xp37V8Kq');
Insert into USERDB.USUARIOS (ID,NOMBRE,URL_IMAGEN,CORREO,CONTRASENHA) values (176,'Valida','http://dummyimage.com/115x100.png/dddddd/000000','vsushams4v@gov.uk','L3n5VZq9K2m7XpT');
Insert into USERDB.USUARIOS (ID,NOMBRE,URL_IMAGEN,CORREO,CONTRASENHA) values (177,'Seth','http://dummyimage.com/131x100.png/ff4444/ffffff','sgammett4w@washingtonpost.com','qXm82V5nT9m4Z3L');
Insert into USERDB.USUARIOS (ID,NOMBRE,URL_IMAGEN,CORREO,CONTRASENHA) values (178,'Godiva','http://dummyimage.com/157x100.png/5fa2dd/ffffff','gpetrollo4x@nasa.gov','VZ2m9XpT7L8n3Kq');
Insert into USERDB.USUARIOS (ID,NOMBRE,URL_IMAGEN,CORREO,CONTRASENHA) values (179,'Thurston','http://dummyimage.com/173x100.png/cc0000/ffffff','thumbey4y@youtube.com','L9VXpT2n5Z8K37m');
Insert into USERDB.USUARIOS (ID,NOMBRE,URL_IMAGEN,CORREO,CONTRASENHA) values (180,'Gan','http://dummyimage.com/240x100.png/cc0000/ffffff','gmacilory4z@about.me','XpT7qZL5Vn9m38K');
Insert into USERDB.USUARIOS (ID,NOMBRE,URL_IMAGEN,CORREO,CONTRASENHA) values (181,'Marcela','http://dummyimage.com/247x100.png/dddddd/000000','mbarnewille50@livejournal.com','Zn3V7KqT8L2Xp5m');
Insert into USERDB.USUARIOS (ID,NOMBRE,URL_IMAGEN,CORREO,CONTRASENHA) values (182,'Madge','http://dummyimage.com/237x100.png/dddddd/000000','mhumpatch51@pcworld.com','Kq9mT5L37Zn82Xp');
Insert into USERDB.USUARIOS (ID,NOMBRE,URL_IMAGEN,CORREO,CONTRASENHA) values (183,'Gonzalo','http://dummyimage.com/181x100.png/5fa2dd/ffffff','gburrel52@chronoengine.com','T5m9L3VZ82Kq7nXp');
Insert into USERDB.USUARIOS (ID,NOMBRE,URL_IMAGEN,CORREO,CONTRASENHA) values (184,'Ailey','http://dummyimage.com/157x100.png/cc0000/ffffff','aleddie53@amazon.co.uk','nXpVZ5qL2K7T3m8');
Insert into USERDB.USUARIOS (ID,NOMBRE,URL_IMAGEN,CORREO,CONTRASENHA) values (185,'Hermia','http://dummyimage.com/127x100.png/cc0000/ffffff','hmeckiff54@wp.com','q9m3nXp7VZ5KL8T');
Insert into USERDB.USUARIOS (ID,NOMBRE,URL_IMAGEN,CORREO,CONTRASENHA) values (186,'Julita','http://dummyimage.com/245x100.png/5fa2dd/ffffff','jcoronado55@clickbank.net','m7nXp9T5V2ZKL3q');
Insert into USERDB.USUARIOS (ID,NOMBRE,URL_IMAGEN,CORREO,CONTRASENHA) values (187,'Christophe','http://dummyimage.com/190x100.png/ff4444/ffffff','cmorsom56@un.org','Vq9mX7L5T3Zn82K');
Insert into USERDB.USUARIOS (ID,NOMBRE,URL_IMAGEN,CORREO,CONTRASENHA) values (188,'Danielle','http://dummyimage.com/219x100.png/cc0000/ffffff','dshoosmith57@w3.org','qT8nL3Xm9VZ5K7m');
Insert into USERDB.USUARIOS (ID,NOMBRE,URL_IMAGEN,CORREO,CONTRASENHA) values (189,'Violette','http://dummyimage.com/147x100.png/5fa2dd/ffffff','vcarnalan58@who.int','Xm7T9nL5qV2ZK3m');
Insert into USERDB.USUARIOS (ID,NOMBRE,URL_IMAGEN,CORREO,CONTRASENHA) values (190,'Nikita','http://dummyimage.com/197x100.png/5fa2dd/ffffff','nlindenboim59@nba.com','VZnq5T3L9mK7Xp8');
Insert into USERDB.USUARIOS (ID,NOMBRE,URL_IMAGEN,CORREO,CONTRASENHA) values (191,'Hartwell','http://dummyimage.com/247x100.png/cc0000/ffffff','hceccoli5a@goodreads.com','q9L3VZ5KXm7T82n');
Insert into USERDB.USUARIOS (ID,NOMBRE,URL_IMAGEN,CORREO,CONTRASENHA) values (192,'Etti','http://dummyimage.com/107x100.png/ff4444/ffffff','etingly5b@theguardian.com','VXmL3nZ5q8K9T7m');
Insert into USERDB.USUARIOS (ID,NOMBRE,URL_IMAGEN,CORREO,CONTRASENHA) values (193,'Sybilla','http://dummyimage.com/249x100.png/dddddd/000000','smeharry5c@slideshare.net','mL7nT9Kq5V82Z3Xp');
Insert into USERDB.USUARIOS (ID,NOMBRE,URL_IMAGEN,CORREO,CONTRASENHA) values (194,'Merralee','http://dummyimage.com/145x100.png/dddddd/000000','mrumbellow5d@mayoclinic.com','VZ5K7TnLm93Xp82q');
Insert into USERDB.USUARIOS (ID,NOMBRE,URL_IMAGEN,CORREO,CONTRASENHA) values (195,'Delinda','http://dummyimage.com/106x100.png/cc0000/ffffff','dbroomfield5e@tuttocitta.it','TpXmL3n7KqV9Z85');
Insert into USERDB.USUARIOS (ID,NOMBRE,URL_IMAGEN,CORREO,CONTRASENHA) values (196,'Miles','http://dummyimage.com/217x100.png/ff4444/ffffff','mpoyzer5f@japanpost.jp','Xp9L3T7nZKq5mV82');
Insert into USERDB.USUARIOS (ID,NOMBRE,URL_IMAGEN,CORREO,CONTRASENHA) values (197,'Freeland','http://dummyimage.com/160x100.png/dddddd/000000','fberi5g@gravatar.com','VXmZ5K9n3T7Lm82q');
Insert into USERDB.USUARIOS (ID,NOMBRE,URL_IMAGEN,CORREO,CONTRASENHA) values (198,'Lynda','http://dummyimage.com/132x100.png/cc0000/ffffff','lmerali5h@umich.edu','TpXm7KZL5V9n3q82');
Insert into USERDB.USUARIOS (ID,NOMBRE,URL_IMAGEN,CORREO,CONTRASENHA) values (199,'Alva','http://dummyimage.com/103x100.png/ff4444/ffffff','acongreave5i@woothemes.com','Xp9nL7m3KqZ5T82V');
Insert into USERDB.USUARIOS (ID,NOMBRE,URL_IMAGEN,CORREO,CONTRASENHA) values (200,'Laurice','http://dummyimage.com/161x100.png/5fa2dd/ffffff','lobispo5j@ocn.ne.jp','Xm9qT5VZ3nK7Lp82');
Insert into USERDB.USUARIOS (ID,NOMBRE,URL_IMAGEN,CORREO,CONTRASENHA) values (201,'Tibold','http://dummyimage.com/224x100.png/cc0000/ffffff','tdamato5k@whitehouse.gov','KqXmT3nVZ9mL5p72');
Insert into USERDB.USUARIOS (ID,NOMBRE,URL_IMAGEN,CORREO,CONTRASENHA) values (202,'Marla','http://dummyimage.com/158x100.png/dddddd/000000','mzebedee5l@istockphoto.com','mVnL2qT5K9Z7Xp83');
Insert into USERDB.USUARIOS (ID,NOMBRE,URL_IMAGEN,CORREO,CONTRASENHA) values (203,'Garnette','http://dummyimage.com/173x100.png/dddddd/000000','gnorway5m@fc2.com','qT9K7nXpZ5Lm3V82');
Insert into USERDB.USUARIOS (ID,NOMBRE,URL_IMAGEN,CORREO,CONTRASENHA) values (204,'Claudio','http://dummyimage.com/204x100.png/dddddd/000000','cfearnall5n@bloglovin.com','Z5Lm9TqKXp3Vn7m82');
Insert into USERDB.USUARIOS (ID,NOMBRE,URL_IMAGEN,CORREO,CONTRASENHA) values (205,'Rorke','http://dummyimage.com/183x100.png/dddddd/000000','rdevoiels5o@yolasite.com','nXp3VZ5L7q9mK82T');
Insert into USERDB.USUARIOS (ID,NOMBRE,URL_IMAGEN,CORREO,CONTRASENHA) values (206,'Karmen','http://dummyimage.com/247x100.png/dddddd/000000','ksimmers5p@cnet.com','T9mV5Lq7KXpZ3n82');
Insert into USERDB.USUARIOS (ID,NOMBRE,URL_IMAGEN,CORREO,CONTRASENHA) values (207,'Neala','http://dummyimage.com/178x100.png/dddddd/000000','nslowley5q@sciencedaily.com','L9T7KXmVq5nZ3m82');
Insert into USERDB.USUARIOS (ID,NOMBRE,URL_IMAGEN,CORREO,CONTRASENHA) values (208,'Bucky','http://dummyimage.com/152x100.png/cc0000/ffffff','bpecht5r@mlb.com','nXm7L3T9Vq5ZK82m');
Insert into USERDB.USUARIOS (ID,NOMBRE,URL_IMAGEN,CORREO,CONTRASENHA) values (209,'Ingelbert','http://dummyimage.com/148x100.png/cc0000/ffffff','iberndt5s@mit.edu','m5n7qZ9T3VXpK82L');
Insert into USERDB.USUARIOS (ID,NOMBRE,URL_IMAGEN,CORREO,CONTRASENHA) values (210,'Wileen','http://dummyimage.com/229x100.png/cc0000/ffffff','wwardel5t@deviantart.com','qZ7nXmL9m3T5V82K');
Insert into USERDB.USUARIOS (ID,NOMBRE,URL_IMAGEN,CORREO,CONTRASENHA) values (211,'Giffy','http://dummyimage.com/173x100.png/cc0000/ffffff','gghione5u@buzzfeed.com','KZL9V5Tn7mXp3q82');
Insert into USERDB.USUARIOS (ID,NOMBRE,URL_IMAGEN,CORREO,CONTRASENHA) values (212,'Dianna','http://dummyimage.com/225x100.png/dddddd/000000','dwilcock5v@cbsnews.com','m3T5ZK9n7Lp82VqX');
Insert into USERDB.USUARIOS (ID,NOMBRE,URL_IMAGEN,CORREO,CONTRASENHA) values (213,'Sharron','http://dummyimage.com/104x100.png/cc0000/ffffff','seskriett5w@ycombinator.com','P7mZ2gLx3aVq49F');
Insert into USERDB.USUARIOS (ID,NOMBRE,URL_IMAGEN,CORREO,CONTRASENHA) values (214,'Sheilakathryn','http://dummyimage.com/149x100.png/cc0000/ffffff','swinteringham5x@nbcnews.com','XmL72Qd8nTYp36K');
Insert into USERDB.USUARIOS (ID,NOMBRE,URL_IMAGEN,CORREO,CONTRASENHA) values (215,'Brandi','http://dummyimage.com/186x100.png/5fa2dd/ffffff','bhalsey5y@dot.gov','Zp4nXw37MvL82gJ');
Insert into USERDB.USUARIOS (ID,NOMBRE,URL_IMAGEN,CORREO,CONTRASENHA) values (216,'Ami','http://dummyimage.com/147x100.png/5fa2dd/ffffff','amoulton5z@printfriendly.com','T5vR8KqL32Xm9Nz');
Insert into USERDB.USUARIOS (ID,NOMBRE,URL_IMAGEN,CORREO,CONTRASENHA) values (217,'May','http://dummyimage.com/186x100.png/ff4444/ffffff','mcordey60@google.es','V3mYnKZ84XpTq65');
Insert into USERDB.USUARIOS (ID,NOMBRE,URL_IMAGEN,CORREO,CONTRASENHA) values (218,'Bess','http://dummyimage.com/183x100.png/5fa2dd/ffffff','bgalfour61@theatlantic.com','Lw92XMpT4Kv37nZ');
Insert into USERDB.USUARIOS (ID,NOMBRE,URL_IMAGEN,CORREO,CONTRASENHA) values (219,'Pearline','http://dummyimage.com/249x100.png/5fa2dd/ffffff','psnowding62@purevolume.com','KqZ48YmT5Xp36Ln');
Insert into USERDB.USUARIOS (ID,NOMBRE,URL_IMAGEN,CORREO,CONTRASENHA) values (220,'Perle','http://dummyimage.com/175x100.png/dddddd/000000','pwahncke63@friendfeed.com','Xp37VnTq49L2KmZ');
Insert into USERDB.USUARIOS (ID,NOMBRE,URL_IMAGEN,CORREO,CONTRASENHA) values (221,'Damaris','http://dummyimage.com/115x100.png/ff4444/ffffff','dvanarsdalen64@flickr.com','ZnL8KqX5V3m72Tp');
Insert into USERDB.USUARIOS (ID,NOMBRE,URL_IMAGEN,CORREO,CONTRASENHA) values (222,'Sula','http://dummyimage.com/191x100.png/dddddd/000000','sbroadstock65@bravesites.com','L2mXqK95T37p8nZ');
Insert into USERDB.USUARIOS (ID,NOMBRE,URL_IMAGEN,CORREO,CONTRASENHA) values (223,'Nikolaus','http://dummyimage.com/238x100.png/cc0000/ffffff','natherley66@eventbrite.com','Tp82L3Vn4XmZ5Kq');
Insert into USERDB.USUARIOS (ID,NOMBRE,URL_IMAGEN,CORREO,CONTRASENHA) values (224,'Alyse','http://dummyimage.com/238x100.png/cc0000/ffffff','agreathead67@ed.gov','n9KZ3XmL45p72Vq');
Insert into USERDB.USUARIOS (ID,NOMBRE,URL_IMAGEN,CORREO,CONTRASENHA) values (225,'Jonas','http://dummyimage.com/155x100.png/5fa2dd/ffffff','jmaccaig68@privacy.gov.au','K5V7nT82L4qXmZ3');
Insert into USERDB.USUARIOS (ID,NOMBRE,URL_IMAGEN,CORREO,CONTRASENHA) values (226,'Odetta','http://dummyimage.com/116x100.png/dddddd/000000','ogrestie69@uiuc.edu','XpT9m3V2KZ4nL85');
Insert into USERDB.USUARIOS (ID,NOMBRE,URL_IMAGEN,CORREO,CONTRASENHA) values (227,'Fianna','http://dummyimage.com/177x100.png/ff4444/ffffff','fhazelby6a@ning.com','TpXm37Z9L82V5nq');
Insert into USERDB.USUARIOS (ID,NOMBRE,URL_IMAGEN,CORREO,CONTRASENHA) values (228,'Adele','http://dummyimage.com/211x100.png/5fa2dd/ffffff','astonebanks6b@tuttocitta.it','ZnT5mL2Xp37V8Kq');
Insert into USERDB.USUARIOS (ID,NOMBRE,URL_IMAGEN,CORREO,CONTRASENHA) values (229,'Kayne','http://dummyimage.com/228x100.png/5fa2dd/ffffff','kavrahm6c@ask.com','L3n5VZq9K2m7XpT');
Insert into USERDB.USUARIOS (ID,NOMBRE,URL_IMAGEN,CORREO,CONTRASENHA) values (230,'Wallis','http://dummyimage.com/213x100.png/ff4444/ffffff','wcaudelier6d@upenn.edu','qXm82V5nT9m4Z3L');
Insert into USERDB.USUARIOS (ID,NOMBRE,URL_IMAGEN,CORREO,CONTRASENHA) values (231,'Karrie','http://dummyimage.com/162x100.png/cc0000/ffffff','kmendoza6e@eepurl.com','VZ2m9XpT7L8n3Kq');
Insert into USERDB.USUARIOS (ID,NOMBRE,URL_IMAGEN,CORREO,CONTRASENHA) values (232,'Eldridge','http://dummyimage.com/155x100.png/ff4444/ffffff','eboliver6f@cnet.com','L9VXpT2n5Z8K37m');
Insert into USERDB.USUARIOS (ID,NOMBRE,URL_IMAGEN,CORREO,CONTRASENHA) values (233,'Nicolas','http://dummyimage.com/234x100.png/ff4444/ffffff','nblay6g@sakura.ne.jp','XpT7qZL5Vn9m38K');
Insert into USERDB.USUARIOS (ID,NOMBRE,URL_IMAGEN,CORREO,CONTRASENHA) values (234,'Trey','http://dummyimage.com/166x100.png/5fa2dd/ffffff','tseddon6h@artisteer.com','Zn3V7KqT8L2Xp5m');
Insert into USERDB.USUARIOS (ID,NOMBRE,URL_IMAGEN,CORREO,CONTRASENHA) values (235,'Jacinthe','http://dummyimage.com/186x100.png/5fa2dd/ffffff','jgeorgel6i@vinaora.com','Kq9mT5L37Zn82Xp');
Insert into USERDB.USUARIOS (ID,NOMBRE,URL_IMAGEN,CORREO,CONTRASENHA) values (236,'Deanna','http://dummyimage.com/239x100.png/dddddd/000000','dhealeas6j@geocities.com','T5m9L3VZ82Kq7nXp');
Insert into USERDB.USUARIOS (ID,NOMBRE,URL_IMAGEN,CORREO,CONTRASENHA) values (237,'Cornela','http://dummyimage.com/230x100.png/cc0000/ffffff','cbru6k@un.org','nXpVZ5qL2K7T3m8');
Insert into USERDB.USUARIOS (ID,NOMBRE,URL_IMAGEN,CORREO,CONTRASENHA) values (238,'Perice','http://dummyimage.com/123x100.png/5fa2dd/ffffff','pbyrd6l@canalblog.com','q9m3nXp7VZ5KL8T');
Insert into USERDB.USUARIOS (ID,NOMBRE,URL_IMAGEN,CORREO,CONTRASENHA) values (239,'Aeriela','http://dummyimage.com/238x100.png/cc0000/ffffff','abackler6m@yellowbook.com','m7nXp9T5V2ZKL3q');
Insert into USERDB.USUARIOS (ID,NOMBRE,URL_IMAGEN,CORREO,CONTRASENHA) values (240,'Juline','http://dummyimage.com/242x100.png/dddddd/000000','jliggens6n@dell.com','Vq9mX7L5T3Zn82K');
Insert into USERDB.USUARIOS (ID,NOMBRE,URL_IMAGEN,CORREO,CONTRASENHA) values (241,'Kippy','http://dummyimage.com/126x100.png/cc0000/ffffff','kmacgilrewy6o@constantcontact.com','qT8nL3Xm9VZ5K7m');
Insert into USERDB.USUARIOS (ID,NOMBRE,URL_IMAGEN,CORREO,CONTRASENHA) values (242,'Arte','http://dummyimage.com/115x100.png/ff4444/ffffff','ajoist6p@pbs.org','Xm7T9nL5qV2ZK3m');
Insert into USERDB.USUARIOS (ID,NOMBRE,URL_IMAGEN,CORREO,CONTRASENHA) values (243,'Morena','http://dummyimage.com/206x100.png/cc0000/ffffff','mwillimot6q@yelp.com','VZnq5T3L9mK7Xp8');
Insert into USERDB.USUARIOS (ID,NOMBRE,URL_IMAGEN,CORREO,CONTRASENHA) values (244,'Dav','http://dummyimage.com/164x100.png/ff4444/ffffff','dnovik6r@blogs.com','q9L3VZ5KXm7T82n');
Insert into USERDB.USUARIOS (ID,NOMBRE,URL_IMAGEN,CORREO,CONTRASENHA) values (245,'Cordell','http://dummyimage.com/209x100.png/cc0000/ffffff','chandrock6s@ihg.com','VXmL3nZ5q8K9T7m');
Insert into USERDB.USUARIOS (ID,NOMBRE,URL_IMAGEN,CORREO,CONTRASENHA) values (246,'Tabatha','http://dummyimage.com/188x100.png/ff4444/ffffff','tdenacamp6t@cnbc.com','mL7nT9Kq5V82Z3Xp');
Insert into USERDB.USUARIOS (ID,NOMBRE,URL_IMAGEN,CORREO,CONTRASENHA) values (247,'Garv','http://dummyimage.com/113x100.png/5fa2dd/ffffff','gluscombe6u@psu.edu','VZ5K7TnLm93Xp82q');
Insert into USERDB.USUARIOS (ID,NOMBRE,URL_IMAGEN,CORREO,CONTRASENHA) values (248,'Lou','http://dummyimage.com/244x100.png/5fa2dd/ffffff','ldaveran6v@house.gov','TpXmL3n7KqV9Z85');
Insert into USERDB.USUARIOS (ID,NOMBRE,URL_IMAGEN,CORREO,CONTRASENHA) values (249,'Anne','http://dummyimage.com/198x100.png/ff4444/ffffff','ageorghiou6w@tinypic.com','Xp9L3T7nZKq5mV82');
Insert into USERDB.USUARIOS (ID,NOMBRE,URL_IMAGEN,CORREO,CONTRASENHA) values (250,'Brit','http://dummyimage.com/244x100.png/dddddd/000000','bdeville6x@army.mil','VXmZ5K9n3T7Lm82q');
Insert into USERDB.USUARIOS (ID,NOMBRE,URL_IMAGEN,CORREO,CONTRASENHA) values (251,'Vivianna','http://dummyimage.com/137x100.png/ff4444/ffffff','vlilly6y@istockphoto.com','TpXm7KZL5V9n3q82');
Insert into USERDB.USUARIOS (ID,NOMBRE,URL_IMAGEN,CORREO,CONTRASENHA) values (252,'Upton','http://dummyimage.com/189x100.png/cc0000/ffffff','utimson6z@alibaba.com','Xp9nL7m3KqZ5T82V');
Insert into USERDB.USUARIOS (ID,NOMBRE,URL_IMAGEN,CORREO,CONTRASENHA) values (253,'Lockwood','http://dummyimage.com/214x100.png/dddddd/000000','lokenden70@ask.com','Xm9qT5VZ3nK7Lp82');
Insert into USERDB.USUARIOS (ID,NOMBRE,URL_IMAGEN,CORREO,CONTRASENHA) values (254,'Arly','http://dummyimage.com/100x100.png/cc0000/ffffff','amanthroppe71@netvibes.com','KqXmT3nVZ9mL5p72');
Insert into USERDB.USUARIOS (ID,NOMBRE,URL_IMAGEN,CORREO,CONTRASENHA) values (255,'Erich','http://dummyimage.com/125x100.png/dddddd/000000','emallon72@addtoany.com','mVnL2qT5K9Z7Xp83');
Insert into USERDB.USUARIOS (ID,NOMBRE,URL_IMAGEN,CORREO,CONTRASENHA) values (256,'Ethelin','http://dummyimage.com/226x100.png/cc0000/ffffff','eandree73@vk.com','qT9K7nXpZ5Lm3V82');
Insert into USERDB.USUARIOS (ID,NOMBRE,URL_IMAGEN,CORREO,CONTRASENHA) values (257,'Bank','http://dummyimage.com/232x100.png/ff4444/ffffff','bledgerton74@acquirethisname.com','Z5Lm9TqKXp3Vn7m82');
Insert into USERDB.USUARIOS (ID,NOMBRE,URL_IMAGEN,CORREO,CONTRASENHA) values (258,'Brantley','http://dummyimage.com/138x100.png/ff4444/ffffff','bdecayette75@indiatimes.com','nXp3VZ5L7q9mK82T');
Insert into USERDB.USUARIOS (ID,NOMBRE,URL_IMAGEN,CORREO,CONTRASENHA) values (259,'Nikola','http://dummyimage.com/179x100.png/dddddd/000000','nscougall76@wordpress.com','T9mV5Lq7KXpZ3n82');
Insert into USERDB.USUARIOS (ID,NOMBRE,URL_IMAGEN,CORREO,CONTRASENHA) values (260,'Carmel','http://dummyimage.com/188x100.png/dddddd/000000','cmurison77@hud.gov','L9T7KXmVq5nZ3m82');
Insert into USERDB.USUARIOS (ID,NOMBRE,URL_IMAGEN,CORREO,CONTRASENHA) values (261,'Forbes','http://dummyimage.com/136x100.png/ff4444/ffffff','frevans78@usnews.com','nXm7L3T9Vq5ZK82m');
Insert into USERDB.USUARIOS (ID,NOMBRE,URL_IMAGEN,CORREO,CONTRASENHA) values (262,'Vasili','http://dummyimage.com/232x100.png/cc0000/ffffff','vwardingley79@purevolume.com','m5n7qZ9T3VXpK82L');
Insert into USERDB.USUARIOS (ID,NOMBRE,URL_IMAGEN,CORREO,CONTRASENHA) values (263,'Viviana','http://dummyimage.com/121x100.png/cc0000/ffffff','vtwatt7a@yolasite.com','qZ7nXmL9m3T5V82K');
Insert into USERDB.USUARIOS (ID,NOMBRE,URL_IMAGEN,CORREO,CONTRASENHA) values (264,'Colline','http://dummyimage.com/105x100.png/dddddd/000000','cbenesevich7b@baidu.com','KZL9V5Tn7mXp3q82');
Insert into USERDB.USUARIOS (ID,NOMBRE,URL_IMAGEN,CORREO,CONTRASENHA) values (265,'Toddy','http://dummyimage.com/169x100.png/ff4444/ffffff','twhittek7c@thetimes.co.uk','m3T5ZK9n7Lp82VqX');
Insert into USERDB.USUARIOS (ID,NOMBRE,URL_IMAGEN,CORREO,CONTRASENHA) values (266,'Jaynell','http://dummyimage.com/222x100.png/ff4444/ffffff','jdeboo7d@sogou.com','P7mZ2gLx3aVq49F');
Insert into USERDB.USUARIOS (ID,NOMBRE,URL_IMAGEN,CORREO,CONTRASENHA) values (267,'Malchy','http://dummyimage.com/230x100.png/5fa2dd/ffffff','mstiven7e@quantcast.com','XmL72Qd8nTYp36K');
Insert into USERDB.USUARIOS (ID,NOMBRE,URL_IMAGEN,CORREO,CONTRASENHA) values (268,'Ricard','http://dummyimage.com/169x100.png/5fa2dd/ffffff','rtruett7f@europa.eu','Zp4nXw37MvL82gJ');
Insert into USERDB.USUARIOS (ID,NOMBRE,URL_IMAGEN,CORREO,CONTRASENHA) values (269,'Gibb','http://dummyimage.com/205x100.png/ff4444/ffffff','gselland7g@google.com','T5vR8KqL32Xm9Nz');
Insert into USERDB.USUARIOS (ID,NOMBRE,URL_IMAGEN,CORREO,CONTRASENHA) values (270,'Link','http://dummyimage.com/161x100.png/5fa2dd/ffffff','lackhurst7h@google.fr','V3mYnKZ84XpTq65');
Insert into USERDB.USUARIOS (ID,NOMBRE,URL_IMAGEN,CORREO,CONTRASENHA) values (271,'Minne','http://dummyimage.com/104x100.png/dddddd/000000','mgateland7i@senate.gov','Lw92XMpT4Kv37nZ');
Insert into USERDB.USUARIOS (ID,NOMBRE,URL_IMAGEN,CORREO,CONTRASENHA) values (272,'Bartram','http://dummyimage.com/194x100.png/5fa2dd/ffffff','bewestace7j@aboutads.info','KqZ48YmT5Xp36Ln');
Insert into USERDB.USUARIOS (ID,NOMBRE,URL_IMAGEN,CORREO,CONTRASENHA) values (273,'Colin','http://dummyimage.com/204x100.png/cc0000/ffffff','cchattock7k@ucoz.com','Xp37VnTq49L2KmZ');
Insert into USERDB.USUARIOS (ID,NOMBRE,URL_IMAGEN,CORREO,CONTRASENHA) values (274,'Sonny','http://dummyimage.com/149x100.png/5fa2dd/ffffff','skell7l@alibaba.com','ZnL8KqX5V3m72Tp');
Insert into USERDB.USUARIOS (ID,NOMBRE,URL_IMAGEN,CORREO,CONTRASENHA) values (275,'Rick','http://dummyimage.com/159x100.png/ff4444/ffffff','rpresidey7m@reverbnation.com','L2mXqK95T37p8nZ');
Insert into USERDB.USUARIOS (ID,NOMBRE,URL_IMAGEN,CORREO,CONTRASENHA) values (276,'Lacey','http://dummyimage.com/215x100.png/5fa2dd/ffffff','lluckin7n@usa.gov','Tp82L3Vn4XmZ5Kq');
Insert into USERDB.USUARIOS (ID,NOMBRE,URL_IMAGEN,CORREO,CONTRASENHA) values (277,'Steffie','http://dummyimage.com/197x100.png/ff4444/ffffff','sgaskin7o@aboutads.info','n9KZ3XmL45p72Vq');
Insert into USERDB.USUARIOS (ID,NOMBRE,URL_IMAGEN,CORREO,CONTRASENHA) values (278,'Joyous','http://dummyimage.com/229x100.png/cc0000/ffffff','jcardillo7p@pagesperso-orange.fr','K5V7nT82L4qXmZ3');
Insert into USERDB.USUARIOS (ID,NOMBRE,URL_IMAGEN,CORREO,CONTRASENHA) values (279,'Kermy','http://dummyimage.com/150x100.png/cc0000/ffffff','kcramphorn7q@slashdot.org','XpT9m3V2KZ4nL85');
Insert into USERDB.USUARIOS (ID,NOMBRE,URL_IMAGEN,CORREO,CONTRASENHA) values (280,'Tallie','http://dummyimage.com/212x100.png/cc0000/ffffff','tlivezey7r@facebook.com','TpXm37Z9L82V5nq');
REM INSERTING into USERDB.USUARIOS_ANALISTA
SET DEFINE OFF;
Insert into USERDB.USUARIOS_ANALISTA (ID,ID_USUARIO) values (1,100);
Insert into USERDB.USUARIOS_ANALISTA (ID,ID_USUARIO) values (2,200);
Insert into USERDB.USUARIOS_ANALISTA (ID,ID_USUARIO) values (3,300);
REM INSERTING into USERDB.USUARIOS_CLIENTE
SET DEFINE OFF;
Insert into USERDB.USUARIOS_CLIENTE (ID,RUC,ID_USUARIO) values (1,'1014496537',1);
Insert into USERDB.USUARIOS_CLIENTE (ID,RUC,ID_USUARIO) values (2,'1089551287',3);
Insert into USERDB.USUARIOS_CLIENTE (ID,RUC,ID_USUARIO) values (3,'1026209015',5);
Insert into USERDB.USUARIOS_CLIENTE (ID,RUC,ID_USUARIO) values (4,'1013749046',7);
Insert into USERDB.USUARIOS_CLIENTE (ID,RUC,ID_USUARIO) values (5,'1002700057',9);
Insert into USERDB.USUARIOS_CLIENTE (ID,RUC,ID_USUARIO) values (6,'1096409709',11);
Insert into USERDB.USUARIOS_CLIENTE (ID,RUC,ID_USUARIO) values (7,'1017147504',13);
Insert into USERDB.USUARIOS_CLIENTE (ID,RUC,ID_USUARIO) values (8,'1003420864',15);
Insert into USERDB.USUARIOS_CLIENTE (ID,RUC,ID_USUARIO) values (9,'1023235372',17);
Insert into USERDB.USUARIOS_CLIENTE (ID,RUC,ID_USUARIO) values (10,'1078524792',19);
Insert into USERDB.USUARIOS_CLIENTE (ID,RUC,ID_USUARIO) values (11,'1066986557',21);
Insert into USERDB.USUARIOS_CLIENTE (ID,RUC,ID_USUARIO) values (12,'1013388449',23);
Insert into USERDB.USUARIOS_CLIENTE (ID,RUC,ID_USUARIO) values (13,'1021469954',25);
Insert into USERDB.USUARIOS_CLIENTE (ID,RUC,ID_USUARIO) values (14,'1001658456',27);
Insert into USERDB.USUARIOS_CLIENTE (ID,RUC,ID_USUARIO) values (15,'1088109504',29);
Insert into USERDB.USUARIOS_CLIENTE (ID,RUC,ID_USUARIO) values (16,'1087275901',31);
Insert into USERDB.USUARIOS_CLIENTE (ID,RUC,ID_USUARIO) values (17,'1091383205',33);
Insert into USERDB.USUARIOS_CLIENTE (ID,RUC,ID_USUARIO) values (18,'1086419682',35);
Insert into USERDB.USUARIOS_CLIENTE (ID,RUC,ID_USUARIO) values (19,'1098859532',37);
Insert into USERDB.USUARIOS_CLIENTE (ID,RUC,ID_USUARIO) values (20,'1005034412',39);
Insert into USERDB.USUARIOS_CLIENTE (ID,RUC,ID_USUARIO) values (21,'1079693832',41);
Insert into USERDB.USUARIOS_CLIENTE (ID,RUC,ID_USUARIO) values (22,'1060402134',43);
Insert into USERDB.USUARIOS_CLIENTE (ID,RUC,ID_USUARIO) values (23,'1008155902',45);
Insert into USERDB.USUARIOS_CLIENTE (ID,RUC,ID_USUARIO) values (24,'1029588201',47);
Insert into USERDB.USUARIOS_CLIENTE (ID,RUC,ID_USUARIO) values (25,'1087979822',49);
Insert into USERDB.USUARIOS_CLIENTE (ID,RUC,ID_USUARIO) values (26,'1059992346',51);
Insert into USERDB.USUARIOS_CLIENTE (ID,RUC,ID_USUARIO) values (27,'1017873244',53);
Insert into USERDB.USUARIOS_CLIENTE (ID,RUC,ID_USUARIO) values (28,'1012844159',55);
Insert into USERDB.USUARIOS_CLIENTE (ID,RUC,ID_USUARIO) values (29,'1059328974',57);
Insert into USERDB.USUARIOS_CLIENTE (ID,RUC,ID_USUARIO) values (30,'1055015084',59);
Insert into USERDB.USUARIOS_CLIENTE (ID,RUC,ID_USUARIO) values (31,'1040089964',61);
Insert into USERDB.USUARIOS_CLIENTE (ID,RUC,ID_USUARIO) values (32,'1017388525',63);
Insert into USERDB.USUARIOS_CLIENTE (ID,RUC,ID_USUARIO) values (33,'1091082244',65);
Insert into USERDB.USUARIOS_CLIENTE (ID,RUC,ID_USUARIO) values (34,'1046840826',67);
Insert into USERDB.USUARIOS_CLIENTE (ID,RUC,ID_USUARIO) values (35,'1001609478',69);
Insert into USERDB.USUARIOS_CLIENTE (ID,RUC,ID_USUARIO) values (36,'1087315626',71);
Insert into USERDB.USUARIOS_CLIENTE (ID,RUC,ID_USUARIO) values (37,'1025080338',73);
Insert into USERDB.USUARIOS_CLIENTE (ID,RUC,ID_USUARIO) values (38,'1062548693',75);
Insert into USERDB.USUARIOS_CLIENTE (ID,RUC,ID_USUARIO) values (39,'1025913034',77);
Insert into USERDB.USUARIOS_CLIENTE (ID,RUC,ID_USUARIO) values (40,'1053009785',79);
Insert into USERDB.USUARIOS_CLIENTE (ID,RUC,ID_USUARIO) values (41,'1092317704',81);
Insert into USERDB.USUARIOS_CLIENTE (ID,RUC,ID_USUARIO) values (42,'1018002722',83);
Insert into USERDB.USUARIOS_CLIENTE (ID,RUC,ID_USUARIO) values (43,'1080736398',85);
Insert into USERDB.USUARIOS_CLIENTE (ID,RUC,ID_USUARIO) values (44,'1006402907',87);
Insert into USERDB.USUARIOS_CLIENTE (ID,RUC,ID_USUARIO) values (45,'1040564981',89);
Insert into USERDB.USUARIOS_CLIENTE (ID,RUC,ID_USUARIO) values (46,'1002653687',91);
Insert into USERDB.USUARIOS_CLIENTE (ID,RUC,ID_USUARIO) values (47,'1089865242',93);
Insert into USERDB.USUARIOS_CLIENTE (ID,RUC,ID_USUARIO) values (48,'1046006401',95);
Insert into USERDB.USUARIOS_CLIENTE (ID,RUC,ID_USUARIO) values (49,'1055009905',97);
Insert into USERDB.USUARIOS_CLIENTE (ID,RUC,ID_USUARIO) values (50,'1063796053',99);
Insert into USERDB.USUARIOS_CLIENTE (ID,RUC,ID_USUARIO) values (51,'1065331282',101);
Insert into USERDB.USUARIOS_CLIENTE (ID,RUC,ID_USUARIO) values (52,'1003030954',103);
Insert into USERDB.USUARIOS_CLIENTE (ID,RUC,ID_USUARIO) values (53,'1005390089',105);
Insert into USERDB.USUARIOS_CLIENTE (ID,RUC,ID_USUARIO) values (54,'1062192175',107);
Insert into USERDB.USUARIOS_CLIENTE (ID,RUC,ID_USUARIO) values (55,'1040954247',109);
Insert into USERDB.USUARIOS_CLIENTE (ID,RUC,ID_USUARIO) values (56,'1013697521',111);
Insert into USERDB.USUARIOS_CLIENTE (ID,RUC,ID_USUARIO) values (57,'1024779181',113);
Insert into USERDB.USUARIOS_CLIENTE (ID,RUC,ID_USUARIO) values (58,'1058975484',115);
Insert into USERDB.USUARIOS_CLIENTE (ID,RUC,ID_USUARIO) values (59,'1084384194',117);
Insert into USERDB.USUARIOS_CLIENTE (ID,RUC,ID_USUARIO) values (60,'1004958476',119);
Insert into USERDB.USUARIOS_CLIENTE (ID,RUC,ID_USUARIO) values (61,'1016896346',121);
Insert into USERDB.USUARIOS_CLIENTE (ID,RUC,ID_USUARIO) values (62,'1040106306',123);
Insert into USERDB.USUARIOS_CLIENTE (ID,RUC,ID_USUARIO) values (63,'1011262669',125);
Insert into USERDB.USUARIOS_CLIENTE (ID,RUC,ID_USUARIO) values (64,'1096711482',127);
Insert into USERDB.USUARIOS_CLIENTE (ID,RUC,ID_USUARIO) values (65,'1018672161',129);
Insert into USERDB.USUARIOS_CLIENTE (ID,RUC,ID_USUARIO) values (66,'1017154506',131);
Insert into USERDB.USUARIOS_CLIENTE (ID,RUC,ID_USUARIO) values (67,'1016564486',133);
Insert into USERDB.USUARIOS_CLIENTE (ID,RUC,ID_USUARIO) values (68,'1070100597',135);
Insert into USERDB.USUARIOS_CLIENTE (ID,RUC,ID_USUARIO) values (69,'1010709889',137);
Insert into USERDB.USUARIOS_CLIENTE (ID,RUC,ID_USUARIO) values (70,'1025165231',139);
Insert into USERDB.USUARIOS_CLIENTE (ID,RUC,ID_USUARIO) values (71,'1039083933',141);
Insert into USERDB.USUARIOS_CLIENTE (ID,RUC,ID_USUARIO) values (72,'1048473083',143);
Insert into USERDB.USUARIOS_CLIENTE (ID,RUC,ID_USUARIO) values (73,'1041789252',145);
Insert into USERDB.USUARIOS_CLIENTE (ID,RUC,ID_USUARIO) values (74,'1003808927',147);
Insert into USERDB.USUARIOS_CLIENTE (ID,RUC,ID_USUARIO) values (75,'1004225119',149);
Insert into USERDB.USUARIOS_CLIENTE (ID,RUC,ID_USUARIO) values (76,'1058135645',151);
Insert into USERDB.USUARIOS_CLIENTE (ID,RUC,ID_USUARIO) values (77,'1034951908',153);
Insert into USERDB.USUARIOS_CLIENTE (ID,RUC,ID_USUARIO) values (78,'1017535296',155);
Insert into USERDB.USUARIOS_CLIENTE (ID,RUC,ID_USUARIO) values (79,'1073580988',157);
Insert into USERDB.USUARIOS_CLIENTE (ID,RUC,ID_USUARIO) values (80,'1064483488',159);
Insert into USERDB.USUARIOS_CLIENTE (ID,RUC,ID_USUARIO) values (81,'1068773496',161);
Insert into USERDB.USUARIOS_CLIENTE (ID,RUC,ID_USUARIO) values (82,'1036799847',163);
Insert into USERDB.USUARIOS_CLIENTE (ID,RUC,ID_USUARIO) values (83,'1014148673',165);
Insert into USERDB.USUARIOS_CLIENTE (ID,RUC,ID_USUARIO) values (84,'1014734917',167);
Insert into USERDB.USUARIOS_CLIENTE (ID,RUC,ID_USUARIO) values (85,'1024655666',169);
Insert into USERDB.USUARIOS_CLIENTE (ID,RUC,ID_USUARIO) values (86,'1057314521',171);
Insert into USERDB.USUARIOS_CLIENTE (ID,RUC,ID_USUARIO) values (87,'1014319929',173);
Insert into USERDB.USUARIOS_CLIENTE (ID,RUC,ID_USUARIO) values (88,'1013745295',175);
Insert into USERDB.USUARIOS_CLIENTE (ID,RUC,ID_USUARIO) values (89,'1006452017',177);
Insert into USERDB.USUARIOS_CLIENTE (ID,RUC,ID_USUARIO) values (90,'1004065797',179);
Insert into USERDB.USUARIOS_CLIENTE (ID,RUC,ID_USUARIO) values (91,'1003935397',181);
Insert into USERDB.USUARIOS_CLIENTE (ID,RUC,ID_USUARIO) values (92,'1091457365',183);
Insert into USERDB.USUARIOS_CLIENTE (ID,RUC,ID_USUARIO) values (93,'1097339588',185);
Insert into USERDB.USUARIOS_CLIENTE (ID,RUC,ID_USUARIO) values (94,'1092800833',187);
Insert into USERDB.USUARIOS_CLIENTE (ID,RUC,ID_USUARIO) values (95,'1083857983',189);
Insert into USERDB.USUARIOS_CLIENTE (ID,RUC,ID_USUARIO) values (96,'1083036616',191);
Insert into USERDB.USUARIOS_CLIENTE (ID,RUC,ID_USUARIO) values (97,'1002819187',193);
Insert into USERDB.USUARIOS_CLIENTE (ID,RUC,ID_USUARIO) values (98,'1044440269',195);
Insert into USERDB.USUARIOS_CLIENTE (ID,RUC,ID_USUARIO) values (99,'1045941742',197);
Insert into USERDB.USUARIOS_CLIENTE (ID,RUC,ID_USUARIO) values (100,'1079829068',199);
Insert into USERDB.USUARIOS_CLIENTE (ID,RUC,ID_USUARIO) values (101,'1061644598',201);
Insert into USERDB.USUARIOS_CLIENTE (ID,RUC,ID_USUARIO) values (102,'1099243417',203);
Insert into USERDB.USUARIOS_CLIENTE (ID,RUC,ID_USUARIO) values (103,'1056605451',205);
Insert into USERDB.USUARIOS_CLIENTE (ID,RUC,ID_USUARIO) values (104,'1024009281',207);
Insert into USERDB.USUARIOS_CLIENTE (ID,RUC,ID_USUARIO) values (105,'1059445979',209);
Insert into USERDB.USUARIOS_CLIENTE (ID,RUC,ID_USUARIO) values (106,'1066852162',211);
Insert into USERDB.USUARIOS_CLIENTE (ID,RUC,ID_USUARIO) values (107,'1098712192',213);
Insert into USERDB.USUARIOS_CLIENTE (ID,RUC,ID_USUARIO) values (108,'1050056523',215);
Insert into USERDB.USUARIOS_CLIENTE (ID,RUC,ID_USUARIO) values (109,'1085785772',217);
Insert into USERDB.USUARIOS_CLIENTE (ID,RUC,ID_USUARIO) values (110,'1098032267',219);
Insert into USERDB.USUARIOS_CLIENTE (ID,RUC,ID_USUARIO) values (111,'1019677553',221);
Insert into USERDB.USUARIOS_CLIENTE (ID,RUC,ID_USUARIO) values (112,'1021256805',223);
Insert into USERDB.USUARIOS_CLIENTE (ID,RUC,ID_USUARIO) values (113,'1035917029',225);
Insert into USERDB.USUARIOS_CLIENTE (ID,RUC,ID_USUARIO) values (114,'1020766322',227);
Insert into USERDB.USUARIOS_CLIENTE (ID,RUC,ID_USUARIO) values (115,'1054480125',229);
Insert into USERDB.USUARIOS_CLIENTE (ID,RUC,ID_USUARIO) values (116,'1008833947',231);
Insert into USERDB.USUARIOS_CLIENTE (ID,RUC,ID_USUARIO) values (117,'1014405478',233);
Insert into USERDB.USUARIOS_CLIENTE (ID,RUC,ID_USUARIO) values (118,'1028072576',235);
Insert into USERDB.USUARIOS_CLIENTE (ID,RUC,ID_USUARIO) values (119,'1055326006',237);
Insert into USERDB.USUARIOS_CLIENTE (ID,RUC,ID_USUARIO) values (120,'1049338655',239);
Insert into USERDB.USUARIOS_CLIENTE (ID,RUC,ID_USUARIO) values (121,'1055936992',241);
Insert into USERDB.USUARIOS_CLIENTE (ID,RUC,ID_USUARIO) values (122,'1095111174',243);
Insert into USERDB.USUARIOS_CLIENTE (ID,RUC,ID_USUARIO) values (123,'1007083154',245);
Insert into USERDB.USUARIOS_CLIENTE (ID,RUC,ID_USUARIO) values (124,'1069558591',247);
Insert into USERDB.USUARIOS_CLIENTE (ID,RUC,ID_USUARIO) values (125,'1057604272',249);
Insert into USERDB.USUARIOS_CLIENTE (ID,RUC,ID_USUARIO) values (126,'1014686931',251);
Insert into USERDB.USUARIOS_CLIENTE (ID,RUC,ID_USUARIO) values (127,'1034029717',253);
Insert into USERDB.USUARIOS_CLIENTE (ID,RUC,ID_USUARIO) values (128,'1058323449',255);
Insert into USERDB.USUARIOS_CLIENTE (ID,RUC,ID_USUARIO) values (129,'1080385988',257);
Insert into USERDB.USUARIOS_CLIENTE (ID,RUC,ID_USUARIO) values (130,'1009911757',259);
Insert into USERDB.USUARIOS_CLIENTE (ID,RUC,ID_USUARIO) values (131,'1027413858',261);
Insert into USERDB.USUARIOS_CLIENTE (ID,RUC,ID_USUARIO) values (132,'1011511666',263);
Insert into USERDB.USUARIOS_CLIENTE (ID,RUC,ID_USUARIO) values (133,'1062003122',265);
Insert into USERDB.USUARIOS_CLIENTE (ID,RUC,ID_USUARIO) values (134,'1029044091',267);
Insert into USERDB.USUARIOS_CLIENTE (ID,RUC,ID_USUARIO) values (135,'1068095633',269);
Insert into USERDB.USUARIOS_CLIENTE (ID,RUC,ID_USUARIO) values (136,'1007447809',271);
Insert into USERDB.USUARIOS_CLIENTE (ID,RUC,ID_USUARIO) values (137,'1086476455',273);
Insert into USERDB.USUARIOS_CLIENTE (ID,RUC,ID_USUARIO) values (138,'1014196143',275);
Insert into USERDB.USUARIOS_CLIENTE (ID,RUC,ID_USUARIO) values (139,'1014517046',277);
Insert into USERDB.USUARIOS_CLIENTE (ID,RUC,ID_USUARIO) values (140,'1045866868',279);
Insert into USERDB.USUARIOS_CLIENTE (ID,RUC,ID_USUARIO) values (141,'1067376167',281);
Insert into USERDB.USUARIOS_CLIENTE (ID,RUC,ID_USUARIO) values (142,'1066591509',283);
Insert into USERDB.USUARIOS_CLIENTE (ID,RUC,ID_USUARIO) values (143,'1011360534',285);
Insert into USERDB.USUARIOS_CLIENTE (ID,RUC,ID_USUARIO) values (144,'1018469639',287);
Insert into USERDB.USUARIOS_CLIENTE (ID,RUC,ID_USUARIO) values (145,'1046518724',289);
Insert into USERDB.USUARIOS_CLIENTE (ID,RUC,ID_USUARIO) values (146,'1081001263',291);
Insert into USERDB.USUARIOS_CLIENTE (ID,RUC,ID_USUARIO) values (147,'1022486699',293);
Insert into USERDB.USUARIOS_CLIENTE (ID,RUC,ID_USUARIO) values (148,'1091374151',295);
Insert into USERDB.USUARIOS_CLIENTE (ID,RUC,ID_USUARIO) values (149,'1049427829',297);
Insert into USERDB.USUARIOS_CLIENTE (ID,RUC,ID_USUARIO) values (150,'1061185207',299);
REM INSERTING into USERDB.USUARIOS_DEVELOPER
SET DEFINE OFF;
Insert into USERDB.USUARIOS_DEVELOPER (ID,CODIGO,ID_USUARIO) values (1,'DEV002',2);
Insert into USERDB.USUARIOS_DEVELOPER (ID,CODIGO,ID_USUARIO) values (2,'DEV004',4);
Insert into USERDB.USUARIOS_DEVELOPER (ID,CODIGO,ID_USUARIO) values (3,'DEV006',6);
Insert into USERDB.USUARIOS_DEVELOPER (ID,CODIGO,ID_USUARIO) values (4,'DEV008',8);
Insert into USERDB.USUARIOS_DEVELOPER (ID,CODIGO,ID_USUARIO) values (5,'DEV010',10);
Insert into USERDB.USUARIOS_DEVELOPER (ID,CODIGO,ID_USUARIO) values (6,'DEV012',12);
Insert into USERDB.USUARIOS_DEVELOPER (ID,CODIGO,ID_USUARIO) values (7,'DEV014',14);
Insert into USERDB.USUARIOS_DEVELOPER (ID,CODIGO,ID_USUARIO) values (8,'DEV016',16);
Insert into USERDB.USUARIOS_DEVELOPER (ID,CODIGO,ID_USUARIO) values (9,'DEV018',18);
Insert into USERDB.USUARIOS_DEVELOPER (ID,CODIGO,ID_USUARIO) values (10,'DEV020',20);
Insert into USERDB.USUARIOS_DEVELOPER (ID,CODIGO,ID_USUARIO) values (11,'DEV022',22);
Insert into USERDB.USUARIOS_DEVELOPER (ID,CODIGO,ID_USUARIO) values (12,'DEV024',24);
Insert into USERDB.USUARIOS_DEVELOPER (ID,CODIGO,ID_USUARIO) values (13,'DEV026',26);
Insert into USERDB.USUARIOS_DEVELOPER (ID,CODIGO,ID_USUARIO) values (14,'DEV028',28);
Insert into USERDB.USUARIOS_DEVELOPER (ID,CODIGO,ID_USUARIO) values (15,'DEV030',30);
Insert into USERDB.USUARIOS_DEVELOPER (ID,CODIGO,ID_USUARIO) values (16,'DEV032',32);
Insert into USERDB.USUARIOS_DEVELOPER (ID,CODIGO,ID_USUARIO) values (17,'DEV034',34);
Insert into USERDB.USUARIOS_DEVELOPER (ID,CODIGO,ID_USUARIO) values (18,'DEV036',36);
Insert into USERDB.USUARIOS_DEVELOPER (ID,CODIGO,ID_USUARIO) values (19,'DEV038',38);
Insert into USERDB.USUARIOS_DEVELOPER (ID,CODIGO,ID_USUARIO) values (20,'DEV040',40);
Insert into USERDB.USUARIOS_DEVELOPER (ID,CODIGO,ID_USUARIO) values (21,'DEV042',42);
Insert into USERDB.USUARIOS_DEVELOPER (ID,CODIGO,ID_USUARIO) values (22,'DEV044',44);
Insert into USERDB.USUARIOS_DEVELOPER (ID,CODIGO,ID_USUARIO) values (23,'DEV046',46);
Insert into USERDB.USUARIOS_DEVELOPER (ID,CODIGO,ID_USUARIO) values (24,'DEV048',48);
Insert into USERDB.USUARIOS_DEVELOPER (ID,CODIGO,ID_USUARIO) values (25,'DEV050',50);
Insert into USERDB.USUARIOS_DEVELOPER (ID,CODIGO,ID_USUARIO) values (26,'DEV052',52);
Insert into USERDB.USUARIOS_DEVELOPER (ID,CODIGO,ID_USUARIO) values (27,'DEV054',54);
Insert into USERDB.USUARIOS_DEVELOPER (ID,CODIGO,ID_USUARIO) values (28,'DEV056',56);
Insert into USERDB.USUARIOS_DEVELOPER (ID,CODIGO,ID_USUARIO) values (29,'DEV058',58);
Insert into USERDB.USUARIOS_DEVELOPER (ID,CODIGO,ID_USUARIO) values (30,'DEV060',60);
Insert into USERDB.USUARIOS_DEVELOPER (ID,CODIGO,ID_USUARIO) values (31,'DEV062',62);
Insert into USERDB.USUARIOS_DEVELOPER (ID,CODIGO,ID_USUARIO) values (32,'DEV064',64);
Insert into USERDB.USUARIOS_DEVELOPER (ID,CODIGO,ID_USUARIO) values (33,'DEV066',66);
Insert into USERDB.USUARIOS_DEVELOPER (ID,CODIGO,ID_USUARIO) values (34,'DEV068',68);
Insert into USERDB.USUARIOS_DEVELOPER (ID,CODIGO,ID_USUARIO) values (35,'DEV070',70);
Insert into USERDB.USUARIOS_DEVELOPER (ID,CODIGO,ID_USUARIO) values (36,'DEV072',72);
Insert into USERDB.USUARIOS_DEVELOPER (ID,CODIGO,ID_USUARIO) values (37,'DEV074',74);
Insert into USERDB.USUARIOS_DEVELOPER (ID,CODIGO,ID_USUARIO) values (38,'DEV076',76);
Insert into USERDB.USUARIOS_DEVELOPER (ID,CODIGO,ID_USUARIO) values (39,'DEV078',78);
Insert into USERDB.USUARIOS_DEVELOPER (ID,CODIGO,ID_USUARIO) values (40,'DEV080',80);
Insert into USERDB.USUARIOS_DEVELOPER (ID,CODIGO,ID_USUARIO) values (41,'DEV082',82);
Insert into USERDB.USUARIOS_DEVELOPER (ID,CODIGO,ID_USUARIO) values (42,'DEV084',84);
Insert into USERDB.USUARIOS_DEVELOPER (ID,CODIGO,ID_USUARIO) values (43,'DEV086',86);
Insert into USERDB.USUARIOS_DEVELOPER (ID,CODIGO,ID_USUARIO) values (44,'DEV088',88);
Insert into USERDB.USUARIOS_DEVELOPER (ID,CODIGO,ID_USUARIO) values (45,'DEV090',90);
Insert into USERDB.USUARIOS_DEVELOPER (ID,CODIGO,ID_USUARIO) values (46,'DEV092',92);
Insert into USERDB.USUARIOS_DEVELOPER (ID,CODIGO,ID_USUARIO) values (47,'DEV094',94);
Insert into USERDB.USUARIOS_DEVELOPER (ID,CODIGO,ID_USUARIO) values (48,'DEV096',96);
Insert into USERDB.USUARIOS_DEVELOPER (ID,CODIGO,ID_USUARIO) values (49,'DEV098',98);
Insert into USERDB.USUARIOS_DEVELOPER (ID,CODIGO,ID_USUARIO) values (50,'DEV102',102);
Insert into USERDB.USUARIOS_DEVELOPER (ID,CODIGO,ID_USUARIO) values (51,'DEV104',104);
Insert into USERDB.USUARIOS_DEVELOPER (ID,CODIGO,ID_USUARIO) values (52,'DEV106',106);
Insert into USERDB.USUARIOS_DEVELOPER (ID,CODIGO,ID_USUARIO) values (53,'DEV108',108);
Insert into USERDB.USUARIOS_DEVELOPER (ID,CODIGO,ID_USUARIO) values (54,'DEV110',110);
Insert into USERDB.USUARIOS_DEVELOPER (ID,CODIGO,ID_USUARIO) values (55,'DEV112',112);
Insert into USERDB.USUARIOS_DEVELOPER (ID,CODIGO,ID_USUARIO) values (56,'DEV114',114);
Insert into USERDB.USUARIOS_DEVELOPER (ID,CODIGO,ID_USUARIO) values (57,'DEV116',116);
Insert into USERDB.USUARIOS_DEVELOPER (ID,CODIGO,ID_USUARIO) values (58,'DEV118',118);
Insert into USERDB.USUARIOS_DEVELOPER (ID,CODIGO,ID_USUARIO) values (59,'DEV120',120);
Insert into USERDB.USUARIOS_DEVELOPER (ID,CODIGO,ID_USUARIO) values (60,'DEV122',122);
Insert into USERDB.USUARIOS_DEVELOPER (ID,CODIGO,ID_USUARIO) values (61,'DEV124',124);
Insert into USERDB.USUARIOS_DEVELOPER (ID,CODIGO,ID_USUARIO) values (62,'DEV126',126);
Insert into USERDB.USUARIOS_DEVELOPER (ID,CODIGO,ID_USUARIO) values (63,'DEV128',128);
Insert into USERDB.USUARIOS_DEVELOPER (ID,CODIGO,ID_USUARIO) values (64,'DEV130',130);
Insert into USERDB.USUARIOS_DEVELOPER (ID,CODIGO,ID_USUARIO) values (65,'DEV132',132);
Insert into USERDB.USUARIOS_DEVELOPER (ID,CODIGO,ID_USUARIO) values (66,'DEV134',134);
Insert into USERDB.USUARIOS_DEVELOPER (ID,CODIGO,ID_USUARIO) values (67,'DEV136',136);
Insert into USERDB.USUARIOS_DEVELOPER (ID,CODIGO,ID_USUARIO) values (68,'DEV138',138);
Insert into USERDB.USUARIOS_DEVELOPER (ID,CODIGO,ID_USUARIO) values (69,'DEV140',140);
Insert into USERDB.USUARIOS_DEVELOPER (ID,CODIGO,ID_USUARIO) values (70,'DEV142',142);
Insert into USERDB.USUARIOS_DEVELOPER (ID,CODIGO,ID_USUARIO) values (71,'DEV144',144);
Insert into USERDB.USUARIOS_DEVELOPER (ID,CODIGO,ID_USUARIO) values (72,'DEV146',146);
Insert into USERDB.USUARIOS_DEVELOPER (ID,CODIGO,ID_USUARIO) values (73,'DEV148',148);
Insert into USERDB.USUARIOS_DEVELOPER (ID,CODIGO,ID_USUARIO) values (74,'DEV150',150);
Insert into USERDB.USUARIOS_DEVELOPER (ID,CODIGO,ID_USUARIO) values (75,'DEV152',152);
Insert into USERDB.USUARIOS_DEVELOPER (ID,CODIGO,ID_USUARIO) values (76,'DEV154',154);
Insert into USERDB.USUARIOS_DEVELOPER (ID,CODIGO,ID_USUARIO) values (77,'DEV156',156);
Insert into USERDB.USUARIOS_DEVELOPER (ID,CODIGO,ID_USUARIO) values (78,'DEV158',158);
Insert into USERDB.USUARIOS_DEVELOPER (ID,CODIGO,ID_USUARIO) values (79,'DEV160',160);
Insert into USERDB.USUARIOS_DEVELOPER (ID,CODIGO,ID_USUARIO) values (80,'DEV162',162);
Insert into USERDB.USUARIOS_DEVELOPER (ID,CODIGO,ID_USUARIO) values (81,'DEV164',164);
Insert into USERDB.USUARIOS_DEVELOPER (ID,CODIGO,ID_USUARIO) values (82,'DEV166',166);
Insert into USERDB.USUARIOS_DEVELOPER (ID,CODIGO,ID_USUARIO) values (83,'DEV168',168);
Insert into USERDB.USUARIOS_DEVELOPER (ID,CODIGO,ID_USUARIO) values (84,'DEV170',170);
Insert into USERDB.USUARIOS_DEVELOPER (ID,CODIGO,ID_USUARIO) values (85,'DEV172',172);
Insert into USERDB.USUARIOS_DEVELOPER (ID,CODIGO,ID_USUARIO) values (86,'DEV174',174);
Insert into USERDB.USUARIOS_DEVELOPER (ID,CODIGO,ID_USUARIO) values (87,'DEV176',176);
Insert into USERDB.USUARIOS_DEVELOPER (ID,CODIGO,ID_USUARIO) values (88,'DEV178',178);
Insert into USERDB.USUARIOS_DEVELOPER (ID,CODIGO,ID_USUARIO) values (89,'DEV180',180);
Insert into USERDB.USUARIOS_DEVELOPER (ID,CODIGO,ID_USUARIO) values (90,'DEV182',182);
Insert into USERDB.USUARIOS_DEVELOPER (ID,CODIGO,ID_USUARIO) values (91,'DEV184',184);
Insert into USERDB.USUARIOS_DEVELOPER (ID,CODIGO,ID_USUARIO) values (92,'DEV186',186);
Insert into USERDB.USUARIOS_DEVELOPER (ID,CODIGO,ID_USUARIO) values (93,'DEV188',188);
Insert into USERDB.USUARIOS_DEVELOPER (ID,CODIGO,ID_USUARIO) values (94,'DEV190',190);
Insert into USERDB.USUARIOS_DEVELOPER (ID,CODIGO,ID_USUARIO) values (95,'DEV192',192);
Insert into USERDB.USUARIOS_DEVELOPER (ID,CODIGO,ID_USUARIO) values (96,'DEV194',194);
Insert into USERDB.USUARIOS_DEVELOPER (ID,CODIGO,ID_USUARIO) values (97,'DEV196',196);
Insert into USERDB.USUARIOS_DEVELOPER (ID,CODIGO,ID_USUARIO) values (98,'DEV198',198);
Insert into USERDB.USUARIOS_DEVELOPER (ID,CODIGO,ID_USUARIO) values (99,'DEV202',202);
Insert into USERDB.USUARIOS_DEVELOPER (ID,CODIGO,ID_USUARIO) values (100,'DEV204',204);
Insert into USERDB.USUARIOS_DEVELOPER (ID,CODIGO,ID_USUARIO) values (101,'DEV206',206);
Insert into USERDB.USUARIOS_DEVELOPER (ID,CODIGO,ID_USUARIO) values (102,'DEV208',208);
Insert into USERDB.USUARIOS_DEVELOPER (ID,CODIGO,ID_USUARIO) values (103,'DEV210',210);
Insert into USERDB.USUARIOS_DEVELOPER (ID,CODIGO,ID_USUARIO) values (104,'DEV212',212);
Insert into USERDB.USUARIOS_DEVELOPER (ID,CODIGO,ID_USUARIO) values (105,'DEV214',214);
Insert into USERDB.USUARIOS_DEVELOPER (ID,CODIGO,ID_USUARIO) values (106,'DEV216',216);
Insert into USERDB.USUARIOS_DEVELOPER (ID,CODIGO,ID_USUARIO) values (107,'DEV218',218);
Insert into USERDB.USUARIOS_DEVELOPER (ID,CODIGO,ID_USUARIO) values (108,'DEV220',220);
Insert into USERDB.USUARIOS_DEVELOPER (ID,CODIGO,ID_USUARIO) values (109,'DEV222',222);
Insert into USERDB.USUARIOS_DEVELOPER (ID,CODIGO,ID_USUARIO) values (110,'DEV224',224);
Insert into USERDB.USUARIOS_DEVELOPER (ID,CODIGO,ID_USUARIO) values (111,'DEV226',226);
Insert into USERDB.USUARIOS_DEVELOPER (ID,CODIGO,ID_USUARIO) values (112,'DEV228',228);
Insert into USERDB.USUARIOS_DEVELOPER (ID,CODIGO,ID_USUARIO) values (113,'DEV230',230);
Insert into USERDB.USUARIOS_DEVELOPER (ID,CODIGO,ID_USUARIO) values (114,'DEV232',232);
Insert into USERDB.USUARIOS_DEVELOPER (ID,CODIGO,ID_USUARIO) values (115,'DEV234',234);
Insert into USERDB.USUARIOS_DEVELOPER (ID,CODIGO,ID_USUARIO) values (116,'DEV236',236);
Insert into USERDB.USUARIOS_DEVELOPER (ID,CODIGO,ID_USUARIO) values (117,'DEV238',238);
Insert into USERDB.USUARIOS_DEVELOPER (ID,CODIGO,ID_USUARIO) values (118,'DEV240',240);
Insert into USERDB.USUARIOS_DEVELOPER (ID,CODIGO,ID_USUARIO) values (119,'DEV242',242);
Insert into USERDB.USUARIOS_DEVELOPER (ID,CODIGO,ID_USUARIO) values (120,'DEV244',244);
Insert into USERDB.USUARIOS_DEVELOPER (ID,CODIGO,ID_USUARIO) values (121,'DEV246',246);
Insert into USERDB.USUARIOS_DEVELOPER (ID,CODIGO,ID_USUARIO) values (122,'DEV248',248);
Insert into USERDB.USUARIOS_DEVELOPER (ID,CODIGO,ID_USUARIO) values (123,'DEV250',250);
Insert into USERDB.USUARIOS_DEVELOPER (ID,CODIGO,ID_USUARIO) values (124,'DEV252',252);
Insert into USERDB.USUARIOS_DEVELOPER (ID,CODIGO,ID_USUARIO) values (125,'DEV254',254);
Insert into USERDB.USUARIOS_DEVELOPER (ID,CODIGO,ID_USUARIO) values (126,'DEV256',256);
Insert into USERDB.USUARIOS_DEVELOPER (ID,CODIGO,ID_USUARIO) values (127,'DEV258',258);
Insert into USERDB.USUARIOS_DEVELOPER (ID,CODIGO,ID_USUARIO) values (128,'DEV260',260);
Insert into USERDB.USUARIOS_DEVELOPER (ID,CODIGO,ID_USUARIO) values (129,'DEV262',262);
Insert into USERDB.USUARIOS_DEVELOPER (ID,CODIGO,ID_USUARIO) values (130,'DEV264',264);
Insert into USERDB.USUARIOS_DEVELOPER (ID,CODIGO,ID_USUARIO) values (131,'DEV266',266);
Insert into USERDB.USUARIOS_DEVELOPER (ID,CODIGO,ID_USUARIO) values (132,'DEV268',268);
Insert into USERDB.USUARIOS_DEVELOPER (ID,CODIGO,ID_USUARIO) values (133,'DEV270',270);
Insert into USERDB.USUARIOS_DEVELOPER (ID,CODIGO,ID_USUARIO) values (134,'DEV272',272);
Insert into USERDB.USUARIOS_DEVELOPER (ID,CODIGO,ID_USUARIO) values (135,'DEV274',274);
Insert into USERDB.USUARIOS_DEVELOPER (ID,CODIGO,ID_USUARIO) values (136,'DEV276',276);
Insert into USERDB.USUARIOS_DEVELOPER (ID,CODIGO,ID_USUARIO) values (137,'DEV278',278);
Insert into USERDB.USUARIOS_DEVELOPER (ID,CODIGO,ID_USUARIO) values (138,'DEV280',280);
Insert into USERDB.USUARIOS_DEVELOPER (ID,CODIGO,ID_USUARIO) values (139,'DEV282',282);
Insert into USERDB.USUARIOS_DEVELOPER (ID,CODIGO,ID_USUARIO) values (140,'DEV284',284);
Insert into USERDB.USUARIOS_DEVELOPER (ID,CODIGO,ID_USUARIO) values (141,'DEV286',286);
Insert into USERDB.USUARIOS_DEVELOPER (ID,CODIGO,ID_USUARIO) values (142,'DEV288',288);
Insert into USERDB.USUARIOS_DEVELOPER (ID,CODIGO,ID_USUARIO) values (143,'DEV290',290);
Insert into USERDB.USUARIOS_DEVELOPER (ID,CODIGO,ID_USUARIO) values (144,'DEV292',292);
Insert into USERDB.USUARIOS_DEVELOPER (ID,CODIGO,ID_USUARIO) values (145,'DEV294',294);
Insert into USERDB.USUARIOS_DEVELOPER (ID,CODIGO,ID_USUARIO) values (146,'DEV296',296);
Insert into USERDB.USUARIOS_DEVELOPER (ID,CODIGO,ID_USUARIO) values (147,'DEV298',298);
--------------------------------------------------------
--  DDL for Index REPORTES_PK
--------------------------------------------------------

  CREATE UNIQUE INDEX "USERDB"."REPORTES_PK" ON "USERDB"."REPORTES" ("ID") 
  PCTFREE 10 INITRANS 2 MAXTRANS 255 COMPUTE STATISTICS 
  STORAGE(INITIAL 65536 NEXT 1048576 MINEXTENTS 1 MAXEXTENTS 2147483645
  PCTINCREASE 0 FREELISTS 1 FREELIST GROUPS 1 BUFFER_POOL DEFAULT FLASH_CACHE DEFAULT CELL_FLASH_CACHE DEFAULT)
  TABLESPACE "TSI_USERDB" ;
--------------------------------------------------------
--  DDL for Trigger COMENTARIOS_PK_TRIGGER
--------------------------------------------------------

  CREATE OR REPLACE TRIGGER "USERDB"."COMENTARIOS_PK_TRIGGER" 
BEFORE INSERT ON comentarios
FOR EACH ROW
BEGIN
    SELECT comentarios_seq.NEXTVAL INTO :new.id FROM dual;
END;

/
ALTER TRIGGER "USERDB"."COMENTARIOS_PK_TRIGGER" ENABLE;
--------------------------------------------------------
--  DDL for Trigger DEPARTAMENTOS_PK_TRIGGER
--------------------------------------------------------

  CREATE OR REPLACE TRIGGER "USERDB"."DEPARTAMENTOS_PK_TRIGGER" 
BEFORE INSERT ON departamentos
FOR EACH ROW
BEGIN
    SELECT departamentos_seq.NEXTVAL INTO :new.id FROM dual;
END;

/
ALTER TRIGGER "USERDB"."DEPARTAMENTOS_PK_TRIGGER" ENABLE;
--------------------------------------------------------
--  DDL for Trigger DOCUMENTOS_PK_TRIGGER
--------------------------------------------------------

  CREATE OR REPLACE TRIGGER "USERDB"."DOCUMENTOS_PK_TRIGGER" 
BEFORE INSERT ON documentos
FOR EACH ROW
BEGIN
    SELECT documentos_seq.NEXTVAL INTO :new.id FROM dual;
END;

/
ALTER TRIGGER "USERDB"."DOCUMENTOS_PK_TRIGGER" ENABLE;
--------------------------------------------------------
--  DDL for Trigger ESTADOS_PK_TRIGGER
--------------------------------------------------------

  CREATE OR REPLACE TRIGGER "USERDB"."ESTADOS_PK_TRIGGER" 
BEFORE INSERT ON estados
FOR EACH ROW
BEGIN
    SELECT estados_seq.NEXTVAL INTO :new.id FROM dual;
END;

/
ALTER TRIGGER "USERDB"."ESTADOS_PK_TRIGGER" ENABLE;
--------------------------------------------------------
--  DDL for Trigger ETIQUETAS_PK_TRIGGER
--------------------------------------------------------

  CREATE OR REPLACE TRIGGER "USERDB"."ETIQUETAS_PK_TRIGGER" 
BEFORE INSERT ON etiquetas
FOR EACH ROW
BEGIN
    SELECT etiquetas_seq.NEXTVAL INTO :new.id FROM dual;
END;

/
ALTER TRIGGER "USERDB"."ETIQUETAS_PK_TRIGGER" ENABLE;
--------------------------------------------------------
--  DDL for Trigger INCIDENCIAS_PK_TRIGGER
--------------------------------------------------------

  CREATE OR REPLACE TRIGGER "USERDB"."INCIDENCIAS_PK_TRIGGER" 
BEFORE INSERT ON incidencias
FOR EACH ROW
BEGIN
    SELECT incidencias_seq.NEXTVAL INTO :new.id FROM dual;
END;

/
ALTER TRIGGER "USERDB"."INCIDENCIAS_PK_TRIGGER" ENABLE;
--------------------------------------------------------
--  DDL for Trigger INCIDENCIA_ANALISTA_PK_TRIGGER
--------------------------------------------------------

  CREATE OR REPLACE TRIGGER "USERDB"."INCIDENCIA_ANALISTA_PK_TRIGGER" 
BEFORE INSERT ON incidencia_analista
FOR EACH ROW
BEGIN
    SELECT incidencia_analista_seq.NEXTVAL INTO :new.id FROM dual;
END;

/
ALTER TRIGGER "USERDB"."INCIDENCIA_ANALISTA_PK_TRIGGER" ENABLE;
--------------------------------------------------------
--  DDL for Trigger INCIDENCIA_CLIENTE_PK_TRIGGER
--------------------------------------------------------

  CREATE OR REPLACE TRIGGER "USERDB"."INCIDENCIA_CLIENTE_PK_TRIGGER" 
BEFORE INSERT ON incidencia_cliente
FOR EACH ROW
BEGIN
    SELECT incidencia_cliente_seq.NEXTVAL INTO :new.id FROM dual;
END;

/
ALTER TRIGGER "USERDB"."INCIDENCIA_CLIENTE_PK_TRIGGER" ENABLE;
--------------------------------------------------------
--  DDL for Trigger LIMITAR_DEPARTAMENTOS
--------------------------------------------------------

  CREATE OR REPLACE TRIGGER "USERDB"."LIMITAR_DEPARTAMENTOS" 
BEFORE INSERT ON departamentos
FOR EACH ROW
DECLARE
  v_count NUMBER;
BEGIN
  -- Contar el número actual de departamentos
  SELECT COUNT(*) INTO v_count FROM departamentos;

  -- Si ya existen 10 departamentos, se lanza un error
  IF v_count >= 10 THEN
    RAISE_APPLICATION_ERROR(-20001, 'No se pueden agregar más de 10 departamentos.');
  END IF;
END;
/
ALTER TRIGGER "USERDB"."LIMITAR_DEPARTAMENTOS" ENABLE;
--------------------------------------------------------
--  DDL for Trigger PRIORIDADES_PK_TRIGGER
--------------------------------------------------------

  CREATE OR REPLACE TRIGGER "USERDB"."PRIORIDADES_PK_TRIGGER" 
BEFORE INSERT ON prioridades
FOR EACH ROW
BEGIN
    SELECT prioridades_seq.NEXTVAL INTO :new.id FROM dual;
END;

/
ALTER TRIGGER "USERDB"."PRIORIDADES_PK_TRIGGER" ENABLE;
--------------------------------------------------------
--  DDL for Trigger PROYECTOS_PK_TRIGGER
--------------------------------------------------------

  CREATE OR REPLACE TRIGGER "USERDB"."PROYECTOS_PK_TRIGGER" 
BEFORE INSERT ON proyectos
FOR EACH ROW
BEGIN
    SELECT proyectos_seq.NEXTVAL INTO :new.id FROM dual;
END;

/
ALTER TRIGGER "USERDB"."PROYECTOS_PK_TRIGGER" ENABLE;
--------------------------------------------------------
--  DDL for Trigger REPORTES_ID_TRIGGER
--------------------------------------------------------

  CREATE OR REPLACE TRIGGER "USERDB"."REPORTES_ID_TRIGGER" 
BEFORE INSERT ON reportes
FOR EACH ROW
BEGIN
  SELECT reportes_seq.NEXTVAL
  INTO   :new.id
  FROM   dual;
END;

/
ALTER TRIGGER "USERDB"."REPORTES_ID_TRIGGER" ENABLE;
--------------------------------------------------------
--  DDL for Trigger RPT_INCIDENCIAS_TRIGGER
--------------------------------------------------------

  CREATE OR REPLACE TRIGGER "USERDB"."RPT_INCIDENCIAS_TRIGGER" 
BEFORE INSERT ON reporte_incidencias_prioridad
FOR EACH ROW
BEGIN
    SELECT rpt_incidencias_seq.NEXTVAL INTO :new.id FROM dual;
END;

/
ALTER TRIGGER "USERDB"."RPT_INCIDENCIAS_TRIGGER" ENABLE;
--------------------------------------------------------
--  DDL for Trigger USUARIOS_ANALISTA_PK_TRIGGER
--------------------------------------------------------

  CREATE OR REPLACE TRIGGER "USERDB"."USUARIOS_ANALISTA_PK_TRIGGER" 
BEFORE INSERT ON usuarios_analista
FOR EACH ROW
BEGIN
    SELECT usuarios_analista_seq.NEXTVAL INTO :new.id FROM dual;
END;

/
ALTER TRIGGER "USERDB"."USUARIOS_ANALISTA_PK_TRIGGER" ENABLE;
--------------------------------------------------------
--  DDL for Trigger USUARIOS_CLIENTE_PK_TRIGGER
--------------------------------------------------------

  CREATE OR REPLACE TRIGGER "USERDB"."USUARIOS_CLIENTE_PK_TRIGGER" 
BEFORE INSERT ON usuarios_cliente
FOR EACH ROW
BEGIN
    SELECT usuarios_cliente_seq.NEXTVAL INTO :new.id FROM dual;
END;

/
ALTER TRIGGER "USERDB"."USUARIOS_CLIENTE_PK_TRIGGER" ENABLE;
--------------------------------------------------------
--  DDL for Trigger USUARIOS_DEVELOPER_PK_TRIGGER
--------------------------------------------------------

  CREATE OR REPLACE TRIGGER "USERDB"."USUARIOS_DEVELOPER_PK_TRIGGER" 
BEFORE INSERT ON usuarios_developer
FOR EACH ROW
BEGIN
    SELECT usuarios_developer_seq.NEXTVAL INTO :new.id FROM dual;
END;

/
ALTER TRIGGER "USERDB"."USUARIOS_DEVELOPER_PK_TRIGGER" ENABLE;
--------------------------------------------------------
--  DDL for Trigger USUARIOS_PK_TRIGGER
--------------------------------------------------------

  CREATE OR REPLACE TRIGGER "USERDB"."USUARIOS_PK_TRIGGER" 
BEFORE INSERT ON usuarios
FOR EACH ROW
BEGIN
    SELECT usuarios_seq.NEXTVAL INTO :new.id FROM dual;
END;

/
ALTER TRIGGER "USERDB"."USUARIOS_PK_TRIGGER" ENABLE;
--------------------------------------------------------
--  DDL for Trigger VERIFICAR_MAX_DEVELOPER
--------------------------------------------------------

  CREATE OR REPLACE TRIGGER "USERDB"."VERIFICAR_MAX_DEVELOPER" 
BEFORE INSERT ON incidencia_developer
FOR EACH ROW
DECLARE
  total_incidencias INTEGER;
BEGIN
  -- Verifica cuántas incidencias tiene el desarrollador asignadas
  SELECT COUNT(*) INTO total_incidencias
  FROM incidencia_developer
  WHERE id_developer = :NEW.id_developer;

  -- Si tiene 5 o más incidencias, no se le puede asignar una más
  IF total_incidencias >= 5 THEN
    RAISE_APPLICATION_ERROR(-20002, 'El desarrollador ya tiene 5 incidencias asignadas.');
  END IF;
END;

/
ALTER TRIGGER "USERDB"."VERIFICAR_MAX_DEVELOPER" ENABLE;
--------------------------------------------------------
--  DDL for Procedure LLENAR_INCIDENCIAS_PRIORIDAD
--------------------------------------------------------
set define off;

  CREATE OR REPLACE PROCEDURE "USERDB"."LLENAR_INCIDENCIAS_PRIORIDAD" IS
  v_prioridad_nombre   VARCHAR2(100);
  v_total_incidencias  NUMBER;
BEGIN
  -- Cursor para recorrer las prioridades y contar las incidencias
  FOR cur IN (SELECT p.nombre AS prioridad_nombre, COUNT(*) AS total_incidencias
              FROM incidencias i
              INNER JOIN prioridades p ON i.id_prioridad = p.id
              GROUP BY p.nombre) LOOP

    -- Asignamos los resultados del cursor a las variables
    v_prioridad_nombre := cur.prioridad_nombre;
    v_total_incidencias := cur.total_incidencias;

    -- Validamos que el total de incidencias no sea cero
    IF v_total_incidencias > 0 THEN
      -- Insertamos el resultado en la tabla de reporte
      INSERT INTO reporte_incidencias_prioridad (prioridad_nombre, total_incidencias, created)
      VALUES (v_prioridad_nombre, v_total_incidencias, SYSDATE); -- Usamos SYSDATE
    END IF;

  END LOOP;

  -- Commit para asegurar que los cambios se guarden
  COMMIT;

EXCEPTION
  WHEN OTHERS THEN
    -- Captura de errores, en caso de que algo falle
    ROLLBACK;
    DBMS_OUTPUT.PUT_LINE('Error: ' || SQLERRM);
END;

/
--------------------------------------------------------
--  DDL for Procedure LLENAR_REPORTE
--------------------------------------------------------
set define off;

  CREATE OR REPLACE PROCEDURE "USERDB"."LLENAR_REPORTE" IS
  CURSOR developers_cursor IS
    SELECT dev.id, usr.nombre 
    FROM usuarios_developer dev
    INNER JOIN usuarios usr ON dev.id_usuario = usr.id;

  promedio_resolucion FLOAT;
BEGIN
  -- Iterar sobre cada developer
  FOR developer IN developers_cursor LOOP
    -- Calcular el promedio de resolución
    promedio_resolucion := calcular_promedio_resolucion(developer.id);

    -- Insertar en la tabla reportes
    INSERT INTO reportes (developer_name, average_resolution_time, created)
    VALUES (developer.nombre, promedio_resolucion, CURRENT_TIMESTAMP);
  END LOOP;

  COMMIT; -- Guardar los cambios
END llenar_reporte;

/
--------------------------------------------------------
--  DDL for Procedure LLENAR_REPORTE_DEPARTAMENTOS
--------------------------------------------------------
set define off;

  CREATE OR REPLACE PROCEDURE "USERDB"."LLENAR_REPORTE_DEPARTAMENTOS" IS
  promedio FLOAT;
  CURSOR departamentos_cursor IS
    SELECT id, nombre FROM departamentos;
BEGIN
  FOR dep IN departamentos_cursor LOOP
    -- Calcular el promedio de días por departamento
    promedio := calcular_promedio_dias(dep.id);

    -- Insertar en la tabla de reportes
    INSERT INTO reportes (department_name, average_days, created)
    VALUES (dep.nombre, promedio, CURRENT_TIMESTAMP);
  END LOOP;

  DBMS_OUTPUT.PUT_LINE('Reporte generado exitosamente.');
END llenar_reporte_departamentos;

/
--------------------------------------------------------
--  DDL for Procedure LLENAR_REPORTE_ESTADO
--------------------------------------------------------
set define off;

  CREATE OR REPLACE PROCEDURE "USERDB"."LLENAR_REPORTE_ESTADO" IS
BEGIN
  -- Verificar los datos de la consulta antes de insertar
  FOR rec IN (
    SELECT e.nombre AS estado_nombre, 
           p.nombre AS prioridad_nombre, 
           COUNT(*) AS total_incidencias
    FROM incidencias i
    INNER JOIN estados e ON i.id_estado = e.id
    INNER JOIN prioridades p ON i.id_prioridad = p.id
    WHERE i.fecha_actu IS NULL -- Solo incidencias abiertas
    GROUP BY e.nombre, p.nombre
  ) LOOP
    -- Imprimir los resultados para verificar
    DBMS_OUTPUT.PUT_LINE('Estado: ' || rec.estado_nombre || ', Prioridad: ' || rec.prioridad_nombre || ', Total Incidencias: ' || rec.total_incidencias);

    -- Insertar en la tabla de reporte_estado_prioridad
    INSERT INTO reporte_estado_prioridad (estado_nombre, prioridad_nombre, total_incidencias, created)
    VALUES (rec.estado_nombre, rec.prioridad_nombre, rec.total_incidencias, CURRENT_TIMESTAMP);
  END LOOP;

  -- Confirmar los cambios
  COMMIT;
END;

/
--------------------------------------------------------
--  DDL for Function CALCULAR_PROMEDIO_DIAS
--------------------------------------------------------

  CREATE OR REPLACE FUNCTION "USERDB"."CALCULAR_PROMEDIO_DIAS" (id_departamento_buscar INTEGER)
RETURN FLOAT IS
  promedio FLOAT;
BEGIN
  -- Calcular el promedio de días entre fecha_envio y fecha_actu por departamento
  SELECT AVG(JULIANDAY(fecha_actu) - JULIANDAY(fecha_envio))
  INTO promedio
  FROM incidencias
  WHERE id_departamento = id_departamento_buscar;

  RETURN COALESCE(promedio, 0); -- Retorna 0 si no hay registros
END calcular_promedio_dias;

/
--------------------------------------------------------
--  DDL for Function CALCULAR_PROMEDIO_RESOLUCION
--------------------------------------------------------

  CREATE OR REPLACE FUNCTION "USERDB"."CALCULAR_PROMEDIO_RESOLUCION" (id_developer_buscar INTEGER)
RETURN FLOAT IS
  promedio FLOAT;
BEGIN
  -- Calcular el promedio de resolución en días
  SELECT AVG(i.fecha_actu - i.fecha_envio)
  INTO promedio
  FROM incidencias i
  INNER JOIN incidencia_developer idev ON i.id = idev.id_incidencia
  WHERE idev.id_developer = id_developer_buscar
    AND i.fecha_actu IS NOT NULL;

  RETURN COALESCE(promedio, 0); -- Retorna 0 si no hay registros
END calcular_promedio_resolucion;

/
--------------------------------------------------------
--  Constraints for Table USUARIOS_ANALISTA
--------------------------------------------------------

  ALTER TABLE "USERDB"."USUARIOS_ANALISTA" ADD PRIMARY KEY ("ID")
  USING INDEX PCTFREE 10 INITRANS 2 MAXTRANS 255 COMPUTE STATISTICS 
  STORAGE(INITIAL 65536 NEXT 1048576 MINEXTENTS 1 MAXEXTENTS 2147483645
  PCTINCREASE 0 FREELISTS 1 FREELIST GROUPS 1 BUFFER_POOL DEFAULT FLASH_CACHE DEFAULT CELL_FLASH_CACHE DEFAULT)
  TABLESPACE "TSI_USERDB"  ENABLE;
  ALTER TABLE "USERDB"."USUARIOS_ANALISTA" MODIFY ("ID_USUARIO" NOT NULL ENABLE);
--------------------------------------------------------
--  Constraints for Table ESTADOS
--------------------------------------------------------

  ALTER TABLE "USERDB"."ESTADOS" ADD PRIMARY KEY ("ID")
  USING INDEX PCTFREE 10 INITRANS 2 MAXTRANS 255 COMPUTE STATISTICS 
  STORAGE(INITIAL 65536 NEXT 1048576 MINEXTENTS 1 MAXEXTENTS 2147483645
  PCTINCREASE 0 FREELISTS 1 FREELIST GROUPS 1 BUFFER_POOL DEFAULT FLASH_CACHE DEFAULT CELL_FLASH_CACHE DEFAULT)
  TABLESPACE "TSI_USERDB"  ENABLE;
  ALTER TABLE "USERDB"."ESTADOS" MODIFY ("NOMBRE" NOT NULL ENABLE);
--------------------------------------------------------
--  Constraints for Table DOCUMENTO_COMENTARIOS
--------------------------------------------------------

  ALTER TABLE "USERDB"."DOCUMENTO_COMENTARIOS" ADD PRIMARY KEY ("ID")
  USING INDEX PCTFREE 10 INITRANS 2 MAXTRANS 255 COMPUTE STATISTICS 
  STORAGE(INITIAL 65536 NEXT 1048576 MINEXTENTS 1 MAXEXTENTS 2147483645
  PCTINCREASE 0 FREELISTS 1 FREELIST GROUPS 1 BUFFER_POOL DEFAULT FLASH_CACHE DEFAULT CELL_FLASH_CACHE DEFAULT)
  TABLESPACE "TSI_USERDB"  ENABLE;
  ALTER TABLE "USERDB"."DOCUMENTO_COMENTARIOS" MODIFY ("ID_COMENTARIO" NOT NULL ENABLE);
  ALTER TABLE "USERDB"."DOCUMENTO_COMENTARIOS" MODIFY ("ID_DOCUMENTO" NOT NULL ENABLE);
--------------------------------------------------------
--  Constraints for Table REPORTE_INCIDENCIAS_PRIORIDAD
--------------------------------------------------------

  ALTER TABLE "USERDB"."REPORTE_INCIDENCIAS_PRIORIDAD" ADD PRIMARY KEY ("ID")
  USING INDEX PCTFREE 10 INITRANS 2 MAXTRANS 255 
  STORAGE(INITIAL 65536 NEXT 1048576 MINEXTENTS 1 MAXEXTENTS 2147483645
  PCTINCREASE 0 FREELISTS 1 FREELIST GROUPS 1 BUFFER_POOL DEFAULT FLASH_CACHE DEFAULT CELL_FLASH_CACHE DEFAULT)
  TABLESPACE "TSI_USERDB"  ENABLE;
  ALTER TABLE "USERDB"."REPORTE_INCIDENCIAS_PRIORIDAD" MODIFY ("TOTAL_INCIDENCIAS" NOT NULL ENABLE);
  ALTER TABLE "USERDB"."REPORTE_INCIDENCIAS_PRIORIDAD" MODIFY ("PRIORIDAD_NOMBRE" NOT NULL ENABLE);
--------------------------------------------------------
--  Constraints for Table INCIDENCIA_CLIENTE
--------------------------------------------------------

  ALTER TABLE "USERDB"."INCIDENCIA_CLIENTE" ADD PRIMARY KEY ("ID")
  USING INDEX PCTFREE 10 INITRANS 2 MAXTRANS 255 COMPUTE STATISTICS 
  STORAGE(INITIAL 65536 NEXT 1048576 MINEXTENTS 1 MAXEXTENTS 2147483645
  PCTINCREASE 0 FREELISTS 1 FREELIST GROUPS 1 BUFFER_POOL DEFAULT FLASH_CACHE DEFAULT CELL_FLASH_CACHE DEFAULT)
  TABLESPACE "TSI_USERDB"  ENABLE;
  ALTER TABLE "USERDB"."INCIDENCIA_CLIENTE" MODIFY ("ID_CLIENTE" NOT NULL ENABLE);
  ALTER TABLE "USERDB"."INCIDENCIA_CLIENTE" MODIFY ("ID_INCIDENCIA" NOT NULL ENABLE);
--------------------------------------------------------
--  Constraints for Table ETIQUETAS
--------------------------------------------------------

  ALTER TABLE "USERDB"."ETIQUETAS" ADD PRIMARY KEY ("ID")
  USING INDEX PCTFREE 10 INITRANS 2 MAXTRANS 255 COMPUTE STATISTICS 
  STORAGE(INITIAL 65536 NEXT 1048576 MINEXTENTS 1 MAXEXTENTS 2147483645
  PCTINCREASE 0 FREELISTS 1 FREELIST GROUPS 1 BUFFER_POOL DEFAULT FLASH_CACHE DEFAULT CELL_FLASH_CACHE DEFAULT)
  TABLESPACE "TSI_USERDB"  ENABLE;
  ALTER TABLE "USERDB"."ETIQUETAS" MODIFY ("NOMBRE" NOT NULL ENABLE);
--------------------------------------------------------
--  Constraints for Table USUARIOS_DEVELOPER
--------------------------------------------------------

  ALTER TABLE "USERDB"."USUARIOS_DEVELOPER" ADD PRIMARY KEY ("ID")
  USING INDEX PCTFREE 10 INITRANS 2 MAXTRANS 255 COMPUTE STATISTICS 
  STORAGE(INITIAL 65536 NEXT 1048576 MINEXTENTS 1 MAXEXTENTS 2147483645
  PCTINCREASE 0 FREELISTS 1 FREELIST GROUPS 1 BUFFER_POOL DEFAULT FLASH_CACHE DEFAULT CELL_FLASH_CACHE DEFAULT)
  TABLESPACE "TSI_USERDB"  ENABLE;
  ALTER TABLE "USERDB"."USUARIOS_DEVELOPER" MODIFY ("ID_USUARIO" NOT NULL ENABLE);
  ALTER TABLE "USERDB"."USUARIOS_DEVELOPER" MODIFY ("CODIGO" NOT NULL ENABLE);
--------------------------------------------------------
--  Constraints for Table INCIDENCIAS
--------------------------------------------------------

  ALTER TABLE "USERDB"."INCIDENCIAS" ADD PRIMARY KEY ("ID")
  USING INDEX PCTFREE 10 INITRANS 2 MAXTRANS 255 COMPUTE STATISTICS 
  STORAGE(INITIAL 65536 NEXT 1048576 MINEXTENTS 1 MAXEXTENTS 2147483645
  PCTINCREASE 0 FREELISTS 1 FREELIST GROUPS 1 BUFFER_POOL DEFAULT FLASH_CACHE DEFAULT CELL_FLASH_CACHE DEFAULT)
  TABLESPACE "TSI_USERDB"  ENABLE;
  ALTER TABLE "USERDB"."INCIDENCIAS" MODIFY ("ID_PROYECTO" NOT NULL ENABLE);
  ALTER TABLE "USERDB"."INCIDENCIAS" MODIFY ("FECHA_ENVIO" NOT NULL ENABLE);
  ALTER TABLE "USERDB"."INCIDENCIAS" MODIFY ("DESCRIPCION" NOT NULL ENABLE);
  ALTER TABLE "USERDB"."INCIDENCIAS" MODIFY ("RESUMEN" NOT NULL ENABLE);
--------------------------------------------------------
--  Constraints for Table REPORTES
--------------------------------------------------------

  ALTER TABLE "USERDB"."REPORTES" ADD CONSTRAINT "REPORTES_PK" PRIMARY KEY ("ID")
  USING INDEX PCTFREE 10 INITRANS 2 MAXTRANS 255 COMPUTE STATISTICS 
  STORAGE(INITIAL 65536 NEXT 1048576 MINEXTENTS 1 MAXEXTENTS 2147483645
  PCTINCREASE 0 FREELISTS 1 FREELIST GROUPS 1 BUFFER_POOL DEFAULT FLASH_CACHE DEFAULT CELL_FLASH_CACHE DEFAULT)
  TABLESPACE "TSI_USERDB"  ENABLE;
--------------------------------------------------------
--  Constraints for Table ETIQUETAS_INCIDENCIAS
--------------------------------------------------------

  ALTER TABLE "USERDB"."ETIQUETAS_INCIDENCIAS" ADD PRIMARY KEY ("ID")
  USING INDEX PCTFREE 10 INITRANS 2 MAXTRANS 255 COMPUTE STATISTICS 
  STORAGE(INITIAL 65536 NEXT 1048576 MINEXTENTS 1 MAXEXTENTS 2147483645
  PCTINCREASE 0 FREELISTS 1 FREELIST GROUPS 1 BUFFER_POOL DEFAULT FLASH_CACHE DEFAULT CELL_FLASH_CACHE DEFAULT)
  TABLESPACE "TSI_USERDB"  ENABLE;
  ALTER TABLE "USERDB"."ETIQUETAS_INCIDENCIAS" MODIFY ("ID_ETIQUETA" NOT NULL ENABLE);
  ALTER TABLE "USERDB"."ETIQUETAS_INCIDENCIAS" MODIFY ("ID_INCIDENCIA" NOT NULL ENABLE);
--------------------------------------------------------
--  Constraints for Table USUARIOS_CLIENTE
--------------------------------------------------------

  ALTER TABLE "USERDB"."USUARIOS_CLIENTE" ADD PRIMARY KEY ("ID")
  USING INDEX PCTFREE 10 INITRANS 2 MAXTRANS 255 COMPUTE STATISTICS 
  STORAGE(INITIAL 65536 NEXT 1048576 MINEXTENTS 1 MAXEXTENTS 2147483645
  PCTINCREASE 0 FREELISTS 1 FREELIST GROUPS 1 BUFFER_POOL DEFAULT FLASH_CACHE DEFAULT CELL_FLASH_CACHE DEFAULT)
  TABLESPACE "TSI_USERDB"  ENABLE;
  ALTER TABLE "USERDB"."USUARIOS_CLIENTE" MODIFY ("ID_USUARIO" NOT NULL ENABLE);
  ALTER TABLE "USERDB"."USUARIOS_CLIENTE" MODIFY ("RUC" NOT NULL ENABLE);
--------------------------------------------------------
--  Constraints for Table PROYECTOS
--------------------------------------------------------

  ALTER TABLE "USERDB"."PROYECTOS" ADD PRIMARY KEY ("ID")
  USING INDEX PCTFREE 10 INITRANS 2 MAXTRANS 255 COMPUTE STATISTICS 
  STORAGE(INITIAL 65536 NEXT 1048576 MINEXTENTS 1 MAXEXTENTS 2147483645
  PCTINCREASE 0 FREELISTS 1 FREELIST GROUPS 1 BUFFER_POOL DEFAULT FLASH_CACHE DEFAULT CELL_FLASH_CACHE DEFAULT)
  TABLESPACE "TSI_USERDB"  ENABLE;
  ALTER TABLE "USERDB"."PROYECTOS" MODIFY ("FECHA_INICIO" NOT NULL ENABLE);
  ALTER TABLE "USERDB"."PROYECTOS" MODIFY ("NOMBRE" NOT NULL ENABLE);
--------------------------------------------------------
--  Constraints for Table INCIDENCIA_DEVELOPER
--------------------------------------------------------

  ALTER TABLE "USERDB"."INCIDENCIA_DEVELOPER" ADD PRIMARY KEY ("ID")
  USING INDEX PCTFREE 10 INITRANS 2 MAXTRANS 255 COMPUTE STATISTICS 
  STORAGE(INITIAL 65536 NEXT 1048576 MINEXTENTS 1 MAXEXTENTS 2147483645
  PCTINCREASE 0 FREELISTS 1 FREELIST GROUPS 1 BUFFER_POOL DEFAULT FLASH_CACHE DEFAULT CELL_FLASH_CACHE DEFAULT)
  TABLESPACE "TSI_USERDB"  ENABLE;
  ALTER TABLE "USERDB"."INCIDENCIA_DEVELOPER" MODIFY ("ID_DEVELOPER" NOT NULL ENABLE);
  ALTER TABLE "USERDB"."INCIDENCIA_DEVELOPER" MODIFY ("ID_INCIDENCIA" NOT NULL ENABLE);
--------------------------------------------------------
--  Constraints for Table USUARIOS
--------------------------------------------------------

  ALTER TABLE "USERDB"."USUARIOS" ADD PRIMARY KEY ("ID")
  USING INDEX PCTFREE 10 INITRANS 2 MAXTRANS 255 COMPUTE STATISTICS 
  STORAGE(INITIAL 65536 NEXT 1048576 MINEXTENTS 1 MAXEXTENTS 2147483645
  PCTINCREASE 0 FREELISTS 1 FREELIST GROUPS 1 BUFFER_POOL DEFAULT FLASH_CACHE DEFAULT CELL_FLASH_CACHE DEFAULT)
  TABLESPACE "TSI_USERDB"  ENABLE;
  ALTER TABLE "USERDB"."USUARIOS" MODIFY ("CONTRASENHA" NOT NULL ENABLE);
  ALTER TABLE "USERDB"."USUARIOS" MODIFY ("CORREO" NOT NULL ENABLE);
  ALTER TABLE "USERDB"."USUARIOS" MODIFY ("NOMBRE" NOT NULL ENABLE);
--------------------------------------------------------
--  Constraints for Table DEPARTAMENTOS
--------------------------------------------------------

  ALTER TABLE "USERDB"."DEPARTAMENTOS" ADD PRIMARY KEY ("ID")
  USING INDEX PCTFREE 10 INITRANS 2 MAXTRANS 255 COMPUTE STATISTICS 
  STORAGE(INITIAL 65536 NEXT 1048576 MINEXTENTS 1 MAXEXTENTS 2147483645
  PCTINCREASE 0 FREELISTS 1 FREELIST GROUPS 1 BUFFER_POOL DEFAULT FLASH_CACHE DEFAULT CELL_FLASH_CACHE DEFAULT)
  TABLESPACE "TSI_USERDB"  ENABLE;
  ALTER TABLE "USERDB"."DEPARTAMENTOS" MODIFY ("NOMBRE" NOT NULL ENABLE);
--------------------------------------------------------
--  Constraints for Table COMENTARIOS
--------------------------------------------------------

  ALTER TABLE "USERDB"."COMENTARIOS" ADD PRIMARY KEY ("ID")
  USING INDEX PCTFREE 10 INITRANS 2 MAXTRANS 255 COMPUTE STATISTICS 
  STORAGE(INITIAL 65536 NEXT 1048576 MINEXTENTS 1 MAXEXTENTS 2147483645
  PCTINCREASE 0 FREELISTS 1 FREELIST GROUPS 1 BUFFER_POOL DEFAULT FLASH_CACHE DEFAULT CELL_FLASH_CACHE DEFAULT)
  TABLESPACE "TSI_USERDB"  ENABLE;
  ALTER TABLE "USERDB"."COMENTARIOS" MODIFY ("FECHA" NOT NULL ENABLE);
  ALTER TABLE "USERDB"."COMENTARIOS" MODIFY ("CONTENIDO" NOT NULL ENABLE);
--------------------------------------------------------
--  Constraints for Table PRIORIDADES
--------------------------------------------------------

  ALTER TABLE "USERDB"."PRIORIDADES" ADD PRIMARY KEY ("ID")
  USING INDEX PCTFREE 10 INITRANS 2 MAXTRANS 255 COMPUTE STATISTICS 
  STORAGE(INITIAL 65536 NEXT 1048576 MINEXTENTS 1 MAXEXTENTS 2147483645
  PCTINCREASE 0 FREELISTS 1 FREELIST GROUPS 1 BUFFER_POOL DEFAULT FLASH_CACHE DEFAULT CELL_FLASH_CACHE DEFAULT)
  TABLESPACE "TSI_USERDB"  ENABLE;
  ALTER TABLE "USERDB"."PRIORIDADES" MODIFY ("NOMBRE" NOT NULL ENABLE);
--------------------------------------------------------
--  Constraints for Table DEVELOPER_DEPARTAMENTOS
--------------------------------------------------------

  ALTER TABLE "USERDB"."DEVELOPER_DEPARTAMENTOS" ADD PRIMARY KEY ("ID")
  USING INDEX PCTFREE 10 INITRANS 2 MAXTRANS 255 COMPUTE STATISTICS 
  STORAGE(INITIAL 65536 NEXT 1048576 MINEXTENTS 1 MAXEXTENTS 2147483645
  PCTINCREASE 0 FREELISTS 1 FREELIST GROUPS 1 BUFFER_POOL DEFAULT FLASH_CACHE DEFAULT CELL_FLASH_CACHE DEFAULT)
  TABLESPACE "TSI_USERDB"  ENABLE;
  ALTER TABLE "USERDB"."DEVELOPER_DEPARTAMENTOS" MODIFY ("ID_DEPARTAMENTO" NOT NULL ENABLE);
  ALTER TABLE "USERDB"."DEVELOPER_DEPARTAMENTOS" MODIFY ("ID_DEVELOPER" NOT NULL ENABLE);
--------------------------------------------------------
--  Constraints for Table INCIDENCIA_ANALISTA
--------------------------------------------------------

  ALTER TABLE "USERDB"."INCIDENCIA_ANALISTA" ADD PRIMARY KEY ("ID")
  USING INDEX PCTFREE 10 INITRANS 2 MAXTRANS 255 COMPUTE STATISTICS 
  STORAGE(INITIAL 65536 NEXT 1048576 MINEXTENTS 1 MAXEXTENTS 2147483645
  PCTINCREASE 0 FREELISTS 1 FREELIST GROUPS 1 BUFFER_POOL DEFAULT FLASH_CACHE DEFAULT CELL_FLASH_CACHE DEFAULT)
  TABLESPACE "TSI_USERDB"  ENABLE;
  ALTER TABLE "USERDB"."INCIDENCIA_ANALISTA" MODIFY ("ID_ANALISTA" NOT NULL ENABLE);
  ALTER TABLE "USERDB"."INCIDENCIA_ANALISTA" MODIFY ("ID_INCIDENCIA" NOT NULL ENABLE);
--------------------------------------------------------
--  Constraints for Table DEPARTAMENTOS_PROYECTO
--------------------------------------------------------

  ALTER TABLE "USERDB"."DEPARTAMENTOS_PROYECTO" ADD PRIMARY KEY ("ID")
  USING INDEX PCTFREE 10 INITRANS 2 MAXTRANS 255 COMPUTE STATISTICS 
  STORAGE(INITIAL 65536 NEXT 1048576 MINEXTENTS 1 MAXEXTENTS 2147483645
  PCTINCREASE 0 FREELISTS 1 FREELIST GROUPS 1 BUFFER_POOL DEFAULT FLASH_CACHE DEFAULT CELL_FLASH_CACHE DEFAULT)
  TABLESPACE "TSI_USERDB"  ENABLE;
  ALTER TABLE "USERDB"."DEPARTAMENTOS_PROYECTO" MODIFY ("ID_PROYECTO" NOT NULL ENABLE);
  ALTER TABLE "USERDB"."DEPARTAMENTOS_PROYECTO" MODIFY ("ID_DEPARTAMENTO" NOT NULL ENABLE);
--------------------------------------------------------
--  Constraints for Table DOCUMENTOS
--------------------------------------------------------

  ALTER TABLE "USERDB"."DOCUMENTOS" ADD PRIMARY KEY ("ID")
  USING INDEX PCTFREE 10 INITRANS 2 MAXTRANS 255 COMPUTE STATISTICS 
  STORAGE(INITIAL 65536 NEXT 1048576 MINEXTENTS 1 MAXEXTENTS 2147483645
  PCTINCREASE 0 FREELISTS 1 FREELIST GROUPS 1 BUFFER_POOL DEFAULT FLASH_CACHE DEFAULT CELL_FLASH_CACHE DEFAULT)
  TABLESPACE "TSI_USERDB"  ENABLE;
--------------------------------------------------------
--  Ref Constraints for Table COMENTARIOS
--------------------------------------------------------

  ALTER TABLE "USERDB"."COMENTARIOS" ADD FOREIGN KEY ("ID_ANALISTA")
	  REFERENCES "USERDB"."USUARIOS_ANALISTA" ("ID") ENABLE;
  ALTER TABLE "USERDB"."COMENTARIOS" ADD FOREIGN KEY ("ID_DEVELOPER")
	  REFERENCES "USERDB"."USUARIOS_DEVELOPER" ("ID") ENABLE;
--------------------------------------------------------
--  Ref Constraints for Table DEPARTAMENTOS_PROYECTO
--------------------------------------------------------

  ALTER TABLE "USERDB"."DEPARTAMENTOS_PROYECTO" ADD FOREIGN KEY ("ID_DEPARTAMENTO")
	  REFERENCES "USERDB"."DEPARTAMENTOS" ("ID") ENABLE;
  ALTER TABLE "USERDB"."DEPARTAMENTOS_PROYECTO" ADD FOREIGN KEY ("ID_PROYECTO")
	  REFERENCES "USERDB"."PROYECTOS" ("ID") ENABLE;
--------------------------------------------------------
--  Ref Constraints for Table DEVELOPER_DEPARTAMENTOS
--------------------------------------------------------

  ALTER TABLE "USERDB"."DEVELOPER_DEPARTAMENTOS" ADD FOREIGN KEY ("ID_DEVELOPER")
	  REFERENCES "USERDB"."USUARIOS_DEVELOPER" ("ID") ENABLE;
  ALTER TABLE "USERDB"."DEVELOPER_DEPARTAMENTOS" ADD FOREIGN KEY ("ID_DEPARTAMENTO")
	  REFERENCES "USERDB"."DEPARTAMENTOS" ("ID") ENABLE;
--------------------------------------------------------
--  Ref Constraints for Table DOCUMENTO_COMENTARIOS
--------------------------------------------------------

  ALTER TABLE "USERDB"."DOCUMENTO_COMENTARIOS" ADD FOREIGN KEY ("ID_DOCUMENTO")
	  REFERENCES "USERDB"."DOCUMENTOS" ("ID") ENABLE;
  ALTER TABLE "USERDB"."DOCUMENTO_COMENTARIOS" ADD FOREIGN KEY ("ID_COMENTARIO")
	  REFERENCES "USERDB"."COMENTARIOS" ("ID") ENABLE;
--------------------------------------------------------
--  Ref Constraints for Table ETIQUETAS_INCIDENCIAS
--------------------------------------------------------

  ALTER TABLE "USERDB"."ETIQUETAS_INCIDENCIAS" ADD FOREIGN KEY ("ID_INCIDENCIA")
	  REFERENCES "USERDB"."INCIDENCIAS" ("ID") ENABLE;
  ALTER TABLE "USERDB"."ETIQUETAS_INCIDENCIAS" ADD FOREIGN KEY ("ID_ETIQUETA")
	  REFERENCES "USERDB"."ETIQUETAS" ("ID") ENABLE;
--------------------------------------------------------
--  Ref Constraints for Table INCIDENCIAS
--------------------------------------------------------

  ALTER TABLE "USERDB"."INCIDENCIAS" ADD FOREIGN KEY ("ID_PROYECTO")
	  REFERENCES "USERDB"."PROYECTOS" ("ID") ENABLE;
  ALTER TABLE "USERDB"."INCIDENCIAS" ADD FOREIGN KEY ("ID_DEPARTAMENTO")
	  REFERENCES "USERDB"."DEPARTAMENTOS" ("ID") ENABLE;
  ALTER TABLE "USERDB"."INCIDENCIAS" ADD FOREIGN KEY ("ID_ESTADO")
	  REFERENCES "USERDB"."ESTADOS" ("ID") ENABLE;
  ALTER TABLE "USERDB"."INCIDENCIAS" ADD FOREIGN KEY ("ID_PRIORIDAD")
	  REFERENCES "USERDB"."PRIORIDADES" ("ID") ENABLE;
  ALTER TABLE "USERDB"."INCIDENCIAS" ADD FOREIGN KEY ("ID_DOCUMENTO")
	  REFERENCES "USERDB"."DOCUMENTOS" ("ID") ENABLE;
--------------------------------------------------------
--  Ref Constraints for Table INCIDENCIA_ANALISTA
--------------------------------------------------------

  ALTER TABLE "USERDB"."INCIDENCIA_ANALISTA" ADD FOREIGN KEY ("ID_INCIDENCIA")
	  REFERENCES "USERDB"."INCIDENCIAS" ("ID") ENABLE;
  ALTER TABLE "USERDB"."INCIDENCIA_ANALISTA" ADD FOREIGN KEY ("ID_ANALISTA")
	  REFERENCES "USERDB"."USUARIOS_ANALISTA" ("ID") ENABLE;
--------------------------------------------------------
--  Ref Constraints for Table INCIDENCIA_CLIENTE
--------------------------------------------------------

  ALTER TABLE "USERDB"."INCIDENCIA_CLIENTE" ADD FOREIGN KEY ("ID_INCIDENCIA")
	  REFERENCES "USERDB"."INCIDENCIAS" ("ID") ENABLE;
  ALTER TABLE "USERDB"."INCIDENCIA_CLIENTE" ADD FOREIGN KEY ("ID_CLIENTE")
	  REFERENCES "USERDB"."USUARIOS_CLIENTE" ("ID") ENABLE;
--------------------------------------------------------
--  Ref Constraints for Table INCIDENCIA_DEVELOPER
--------------------------------------------------------

  ALTER TABLE "USERDB"."INCIDENCIA_DEVELOPER" ADD FOREIGN KEY ("ID_INCIDENCIA")
	  REFERENCES "USERDB"."INCIDENCIAS" ("ID") ENABLE;
  ALTER TABLE "USERDB"."INCIDENCIA_DEVELOPER" ADD FOREIGN KEY ("ID_DEVELOPER")
	  REFERENCES "USERDB"."USUARIOS_DEVELOPER" ("ID") ENABLE;
--------------------------------------------------------
--  Ref Constraints for Table PROYECTOS
--------------------------------------------------------

  ALTER TABLE "USERDB"."PROYECTOS" ADD FOREIGN KEY ("ID_CLIENTE")
	  REFERENCES "USERDB"."USUARIOS_CLIENTE" ("ID") ENABLE;
--------------------------------------------------------
--  Ref Constraints for Table USUARIOS_ANALISTA
--------------------------------------------------------

  ALTER TABLE "USERDB"."USUARIOS_ANALISTA" ADD FOREIGN KEY ("ID_USUARIO")
	  REFERENCES "USERDB"."USUARIOS" ("ID") ENABLE;
--------------------------------------------------------
--  Ref Constraints for Table USUARIOS_CLIENTE
--------------------------------------------------------

  ALTER TABLE "USERDB"."USUARIOS_CLIENTE" ADD FOREIGN KEY ("ID_USUARIO")
	  REFERENCES "USERDB"."USUARIOS" ("ID") ENABLE;
--------------------------------------------------------
--  Ref Constraints for Table USUARIOS_DEVELOPER
--------------------------------------------------------

  ALTER TABLE "USERDB"."USUARIOS_DEVELOPER" ADD FOREIGN KEY ("ID_USUARIO")
	  REFERENCES "USERDB"."USUARIOS" ("ID") ENABLE;
